name,prix,carosserie,garantie,nombre de places,nombre de portes,nombredeCylindres,energie,puissance fiscale,puissance,couple,cylindre,boite,nombre de rapports,transmission,longueur,largeur,hauteurvolume de coffre,performance
Alfa Romeo Giulia2.0 Turbo  Super BVA,198 000 DT TTC,Berline,3 ans,5,4,4,Essence,11 CV,200 CH,330 nm 1750 tr/min,1995 CM³,Automatique,8,Propulsion,1860 mm,1436 mm,480 L,480 L,6.6 s
Alfa Romeo Stelvio2.0 Turbo    BVA Q4,265 000 DT TTC,SUV,3 ans,5,5,4,Essence,17 CV,280 CH,400 nm 2250 tr/min,1995 CM³,Automatique,8,Intégrale,1903 mm,1671 mm,525 L,525 L,5.7 s
Audi A3 Sportback35 TFSI Advanced Line,145 000 DT TTC,Compacte,3 ans,5,5,4,Essence,8 CV,150 CH,250 nm 1500 tr/min,1395 CM³,Automatique,8,Traction,1820 mm,1450 mm,380 L,380 L,8.4 s
Audi A3 Berline35 TFSI Business Extended,149 000 DT TTC,Berline,3 ans,5,4,4,Essence,8 CV,150 CH,250 nm 1500 tr/min,1395 CM³,Automatique,8,Traction,1820 mm,1420 mm,425 L,425 L,8.5 s
Audi A435 TFSI  Business Line Plus S-tronic,198 000 DT TTC,Berline,3 ans,5,4,4,Essence,8 CV,150 CH,270 nm 1350 tr/min,1984 CM³,Automatique,7,Traction,1840 mm,1430 mm,480 L,480 L,8.6 s
Audi A640 TFSI S-Line,295 000 DT TTC,Berline,3 ans,5,4,4,Essence | Hybride léger,11 CV,190 CH,320 nm 1450 tr/min,1984 CM³,Automatique,7,Traction,1886 mm,1457 mm,530 L,530 L,8.3 s
Audi Q235 TFSI  S-Line BVA,159 000 DT TTC,SUV,3 ans,5,5,4,Essence,8 CV,150 CH,250 nm 1500 tr/min,1498 CM³,Automatique,8,Traction,1794 mm,1508 mm,405 L,405 L,8.6 s
Audi Q335 TFSI  Advanced Line S-tronic,205 000 DT TTC,SUV,3 ans,5,5,4,Essence,9 CV,150 CH,250 nm 1500 tr/min,1498 CM³,Automatique,6,Traction,1843 mm,1576 mm,530 L,530 L,9.4 s
Audi Q3 Sportback35 TFSI  Business Limited S-tronic,235 000 DT TTC,SUV,3 ans,5,5,4,Essence,9 CV,150 CH,250 nm 1500 tr/min,1498 CM³,Automatique,6,Traction,1843 mm,1576 mm,530 L,530 L,9.4 s
Audi Q745 TFSI Quattro  S-Line 7 places BVA,445 000 DT TTC,SUV,3 ans,7,5,4,Essence,16 CV,252 CH,370 nm 1600 tr/min,1984 CM³,Automatique,8,Intégrale,1970 mm,1741 mm,770 L,770 L,6.3 s
Audi Q8 E-tron55 e-quattro Advanced Line,299 000 DT TTC,SUV,3 ans,5,5,2,Electrique,12 CV,408 CH,114 kWh,664 nm 0 tr/min,Automatique,Intégrale,4915 mm,1619 mm,569 L,5.6 s,5.6 s,200 KM/H
Audi Q8 Sportback e-tron55 e-quattro s-line,349 000 DT TTC,SUV,3 ans,5,5,2,Electrique,12 CV,408 CH,114 kWh,664 nm 0 tr/min,Automatique,Intégrale,4915 mm,1619 mm,569 L,5.6 s,5.6 s,200 KM/H
Audi E-tron GTQuattro,360 000 DT TTC,Berline,3 ans,5,4,2,Electrique,37 CV,476 CH,530 CH,93 kWh,630 nm 0 tr/min,Automatique,2,,4990 mm,1960 mm,1960 mm,1410 mm
Bako BeeStart,16 210 DT TTC,Citadine,3 ans ou 60.000 km,3,2,1,Electrique,1 CV,3 CH,2 kWh,95 nm 0 tr/min,Automatique,1,Propulsion,1100 mm,1530 mm,n.c. s,n.c. s,45 KM/H
Bako BeeWave,18 264 DT TTC,Citadine,3 ans ou 60.000 km,3,2,1,Electrique,1 CV,3 CH,2 kWh,95 nm 0 tr/min,Automatique,1,Propulsion,1100 mm,1530 mm,n.c. s,n.c. s,45 KM/H
Bako BeeHorizons,21 508 DT TTC,Citadine,3 ans ou 60.000 km,3,2,1,Electrique,1 CV,3 CH,2 kWh,95 nm 0 tr/min,Automatique,1,Propulsion,1100 mm,1530 mm,n.c. s,n.c. s,45 KM/H
Bako B-VanStart,22 586 DT TTC,Utilitaire,3 ans ou 60.000 km,1,3,1,Electrique,N.C,10 CH,7.5 kWh,110 nm 0 tr/min,Automatique,1,Propulsion,1240 mm,1680 mm,600 KG,600 KG,1.32 m³
Bako B-VanWave,27 990 DT TTC,Utilitaire,3 ans ou 60.000 km,1,3,1,Electrique,N.C,10 CH,15.5 kWh,110 nm 0 tr/min,Automatique,1,Propulsion,1240 mm,1680 mm,600 KG,600 KG,1.32 m³
Bako B-VanHorizons,32 313 DT TTC,Utilitaire,3 ans ou 60.000 km,1,3,1,Electrique,N.C,10 CH,18 kWh,110 nm 0 tr/min,Automatique,1,Propulsion,1240 mm,1680 mm,600 KG,600 KG,1.32 m³
Bestune T77 Pro1.5 l  Luxury BVA,113 777 DT TTC,SUV,5 ans ou 150000 km,5,5,4,Essence,9 CV,160 CH,258 nm 1500 tr/min,1498 CM³,Automatique,7,Traction,1845 mm,1615 mm,342 L,342 L,1350 L
Bestune T77 Pro1.5 l  Premium BVA,118 777 DT TTC,SUV,5 ans ou 150000 km,5,5,4,Essence,9 CV,160 CH,258 nm 1500 tr/min,1498 CM³,Automatique,7,Traction,1845 mm,1615 mm,342 L,342 L,1350 L
BMW Série 1116i Lounge,150 900 DT TTC,Compacte,5 ans (2+3),5,5,3,Essence,6 CV,109 CH,190 nm 1380 tr/min,1499 CM³,Automatique,7,Traction,1799 mm,1434 mm,380 L,380 L,10.6 s
BMW Série 1116i Edition Color Vision,159 400 DT TTC,Compacte,5 ans (2+3),5,5,3,Essence,6 CV,109 CH,190 nm 1380 tr/min,1499 CM³,Automatique,7,Traction,1799 mm,1434 mm,380 L,380 L,10.6 s
BMW Série 1118i Edition Color Vision,167 500 DT TTC,Compacte,5 ans (2+3),5,5,3,Essence,8 CV,140 CH,220 nm 1480 tr/min,1499 CM³,Automatique,7,Traction,1799 mm,1434 mm,380 L,380 L,8.8 s
BMW Série 1116i Pack M,167 900 DT TTC,Compacte,5 ans (2+3),5,5,3,Essence,6 CV,109 CH,190 nm 1380 tr/min,1499 CM³,Automatique,7,Traction,1799 mm,1434 mm,380 L,380 L,10.6 s
BMW Série 2 Gran Coupé218i Lounge,169 900 DT TTC,Berline,5 ans (2+3),5,4,3,Essence,8 CV,140 CH,220 nm 1480 tr/min,1499 CM³,Automatique,7,Traction,4526 mm,1800 mm,1420 mm,1420 mm,430 L
BMW Série 2 Gran Coupé218i Edition Color Vision,184 600 DT TTC,Berline,5 ans (2+3),5,4,3,Essence,8 CV,140 CH,220 nm 1480 tr/min,1499 CM³,Automatique,7,Traction,4526 mm,1800 mm,1420 mm,1420 mm,430 L
BMW Série 2 Gran Coupé218i Pack Sport M,191 900 DT TTC,Berline,5 ans (2+3),5,4,3,Essence,8 CV,140 CH,220 nm 1480 tr/min,1499 CM³,Automatique,7,Traction,4526 mm,1800 mm,1420 mm,1420 mm,430 L
BMW Série 3320i Business Line,207 900 DT TTC,Berline,5 ans (2+3),5,4,4,Essence,9 CV,170 CH,250 nm 1500 tr/min,1598 CM³,Automatique,8,Propulsion,4709 mm,1827 mm,1435 mm,1435 mm,480 L
BMW Série 3320i Lounge,225 900 DT TTC,Berline,5 ans (2+3),5,4,4,Essence,9 CV,170 CH,250 nm 1500 tr/min,1598 CM³,Automatique,8,Propulsion,4709 mm,1827 mm,1435 mm,1435 mm,480 L
BMW Série 3320i Pack M,249 900 DT TTC,Berline,5 ans (2+3),5,4,4,Essence,9 CV,170 CH,250 nm 1500 tr/min,1598 CM³,Automatique,8,Propulsion,4709 mm,1827 mm,1435 mm,1435 mm,480 L
BMW Série 3320i Pack M Pro,267 900 DT TTC,Berline,5 ans (2+3),5,4,4,Essence,9 CV,170 CH,250 nm 1500 tr/min,1598 CM³,Automatique,8,Propulsion,4709 mm,1827 mm,1435 mm,1435 mm,480 L
BMW Série 4 Gran Coupé420i Business Line,281 500 DT TTC,Berline,5 ans (2+3),5,5,4,Essence,10 CV,184 CH,300 nm 1350 tr/min,1998 CM³,Automatique,8,Propulsion,4783 mm,1852 mm,1442 mm,1442 mm,470 L
BMW Série 4 Gran Coupé420i Pack M,331 900 DT TTC,Berline,5 ans (2+3),5,5,4,Essence,10 CV,184 CH,300 nm 1350 tr/min,1998 CM³,Automatique,8,Propulsion,4783 mm,1852 mm,1442 mm,1442 mm,470 L
BMW Série 4 Coupé420i Pack M Sport,329 900 DT TTC,Coupé,5 ans (2+3),5,2,4,Essence,10 CV,184 CH,300 nm 1350 tr/min,1998 CM³,Automatique,8,Propulsion,1852 mm,1383 mm,440 L,440 L,7.5 s
BMW Série 5520i Business Line,269 900 DT TTC,Berline,5 ans (2+3),5,4,4,Essence | Hybride léger,11 CV,208 CH,330 nm 1500 tr/min,1999 CM³,Automatique,8,Propulsion,1900 mm,1515 mm,490 L,490 L,7.5 s
BMW Série 5520i Lounge,293 900 DT TTC,Berline,5 ans (2+3),5,4,4,Essence | Hybride léger,11 CV,208 CH,330 nm 1500 tr/min,1999 CM³,Automatique,8,Propulsion,1900 mm,1515 mm,490 L,490 L,7.5 s
BMW Série 5520i Pack M,315 900 DT TTC,Berline,5 ans (2+3),5,4,4,Essence | Hybride léger,11 CV,208 CH,330 nm 1500 tr/min,1999 CM³,Automatique,8,Propulsion,1900 mm,1515 mm,490 L,490 L,7.5 s
BMW Série 7740i Launch Edition,782 900 DT TTC,Berline,5 ans (2+3),5,4,6,Essence | Hybride léger,26 CV,381 CH,540 nm 1840 tr/min,2998 CM³,Automatique,8,Propulsion,1950 mm,1544 mm,540 L,540 L,5.4 s
BMW X118i sDrive Lounge,188 900 DT TTC,SUV,5 ans (2+3),5,5,3,Essence,9 CV,156 CH,240 nm 1500 tr/min,1499 CM³,Automatique,7,Traction,1845 mm,1642 mm,540 L,540 L,8.1 s
BMW X118i sDrive xLine,213 900 DT TTC,SUV,5 ans (2+3),5,5,3,Essence,9 CV,156 CH,240 nm 1500 tr/min,1499 CM³,Automatique,7,Traction,1845 mm,1642 mm,540 L,540 L,8.1 s
BMW X118i sDrive Pack Sport M,218 900 DT TTC,SUV,5 ans (2+3),5,5,3,Essence,9 CV,156 CH,240 nm 1500 tr/min,1499 CM³,Automatique,7,Traction,1845 mm,1642 mm,540 L,540 L,8.1 s
BMW X1 HybridexDrive 25e Lounge,217 900 DT TTC,SUV,5 ans (2+3),5,5,3,Essence | Hybride rechargeable,8 CV,245 CH,109 CH,16.3 kWh,477 nm 1500 tr/min,1499 CM³,Automatique,Intégrale,4500 mm,1845 mm,1845 mm,1642 mm
BMW X1 HybridexDrive 25e xLine,239 900 DT TTC,SUV,5 ans (2+3),5,5,3,Essence | Hybride rechargeable,8 CV,245 CH,109 CH,16.3 kWh,477 nm 1500 tr/min,1499 CM³,Automatique,Intégrale,4500 mm,1845 mm,1845 mm,1642 mm
BMW X1 HybridexDrive 25e Pack M,244 900 DT TTC,SUV,5 ans (2+3),5,5,3,Essence | Hybride rechargeable,8 CV,245 CH,109 CH,16.3 kWh,477 nm 1500 tr/min,1499 CM³,Automatique,Intégrale,4500 mm,1845 mm,1845 mm,1642 mm
BMW X218i sDrive  Lounge,199 900 DT TTC,SUV,5 ans (2+3),5,5,3,Essence,8 CV,156 CH,240 nm 1500 tr/min,1499 CM³,Automatique,7,Traction,1845 mm,1590 mm,560 L,560 L,8.3 s
BMW X218i sDrive  Pack M,224 900 DT TTC,SUV,5 ans (2+3),5,5,3,Essence,8 CV,156 CH,240 nm 1500 tr/min,1499 CM³,Automatique,7,Traction,1845 mm,1590 mm,560 L,560 L,8.3 s
BMW X218i sDrive  Pack M Pro,244 900 DT TTC,SUV,5 ans (2+3),5,5,3,Essence,8 CV,156 CH,240 nm 1500 tr/min,1499 CM³,Automatique,7,Traction,1845 mm,1590 mm,560 L,560 L,8.3 s
BMW X3 Hybride30e xDrive Business Line,355 000 DT TTC,SUV,5 ans (2+3),5,5,4,Essence | Hybride rechargeable,11 CV,292 CH,109 CH,300 nm 1350 tr/min,1995 CM³,Automatique,8,4708 mm,1891 mm,1676 mm,1676 mm,550 L
BMW X3 Hybride30e xDrive Pack M,359 000 DT TTC,SUV,5 ans (2+3),5,5,4,Essence | Hybride rechargeable,11 CV,292 CH,109 CH,300 nm 1350 tr/min,1995 CM³,Automatique,8,4708 mm,1891 mm,1676 mm,1676 mm,550 L
BMW X3 Hybride30e xDrive Pack M Pro,392 000 DT TTC,SUV,5 ans (2+3),5,5,4,Essence | Hybride rechargeable,11 CV,292 CH,109 CH,300 nm 1350 tr/min,1995 CM³,Automatique,8,4708 mm,1891 mm,1676 mm,1676 mm,550 L
BMW X420i xDrive Pack M,434 900 DT TTC,SUV,5,5,4,Essence,11 CV,184 CH,300 nm 1350 tr/min,1998 CM³,Automatique,8,Intégrale,4751 mm,1621 mm,525 L,8.1 s,8.1 s,212 KM/H
BMW X5 Hybride45e X-Drive Pack M,496 400 DT TTC,SUV,5 ans (2+3),5,5,6,Essence | Hybride rechargeable,15 CV,394 CH,113 CH,22.3 kWh,600 nm 1250 tr/min,265 nm,2998 CM³,8,Intégrale,4886 mm,4886 mm,1938 mm
BMW X5 Hybride50e X-Drive Pack M Pro,581 900 DT TTC,SUV,5 ans (2+3),5,5,6,Essence | Hybride rechargeable,21 CV,489 CH,197 CH,29.5 kWh,700 nm 1250 tr/min,280 nm,2998 CM³,8,Intégrale,4886 mm,4886 mm,1938 mm
BMW i4eDrive40 Business Line,236 900 DT TTC,Berline,5 ans (2+3),5,5,1,Electrique,22 CV,340 CH,81.1 kWh,430 nm 0 tr/min,Automatique,1,Propulsion,1852 mm,1448 mm,470 L,470 L,5.6 s
BMW i4eDrive40 Pack M,279 900 DT TTC,Berline,5 ans (2+3),5,5,1,Electrique,22 CV,340 CH,81.1 kWh,430 nm 0 tr/min,Automatique,1,Propulsion,1852 mm,1448 mm,470 L,470 L,5.6 s
BMW iX1xDrive30 xLine,216 900 DT TTC,SUV,5 ans (2+3),5,5,1,Electrique,8 CV,313 CH,64.8 kWh,494 nm 0 tr/min,Automatique,1,Intégrale,1845 mm,1642 mm,490 L,490 L,5.6 s
BMW iX1xDrive30 Pack M,224 900 DT TTC,SUV,5 ans (2+3),5,5,1,Electrique,8 CV,313 CH,64.8 kWh,494 nm 0 tr/min,Automatique,1,Intégrale,1845 mm,1642 mm,490 L,490 L,5.6 s
BMW iX3M Sport,284 900 DT TTC,SUV,5 ans (2+3),5,5,1,Electrique,8 CV,286 CH,73.9 kWh,400 nm 0 tr/min,Automatique,1,Intégrale,1891 mm,1668 mm,490 L,490 L,6.8 s
BMW i5eDrive40 Pack M,333 200 DT TTC,Berline,5 ans (2+3),5,4,1,Electrique,N.C. CV,340 CH,83.9 kWh,430 nm 0 tr/min,Automatique,Propulsion,5060 mm,1515 mm,490 L,6 s,6 s,193 KM/H
BMW iXxDrive40 Impressive,431 900 DT TTC,SUV,5 ans (2+3),5,5,2,Electrique,11 CV,326 CH,74.1 kWh,630 nm 0 tr/min,Automatique,1,,4953 mm,1967 mm,1695 mm,1695 mm,500 L
BYD Dolphin44.9 kWh,94 990 DT TTC,Compacte,6 ans ou 150.000 km | Batterie garantie 8 ans,5,5,1,Electrique,5 CV,95 CH,44.9 kWh,180 nm 0 tr/min,Automatique,Traction,4070 mm,1570 mm,345 L,1310 L,1310 L,10.9 s
BYD King1.5 L DM-i,105 990 DT TTC,Berline,6 ans ou 150.000 km | Batterie garantie 8 ans,5,4,4,Essence | Hybride rechargeable,5 CV,187 CH,106 CH,81 CH,8.3 kWh,130 nm 4500 tr/min,316 nm,Automatique,Traction,4765 mm,4765 mm,1837 mm
BYD Atto 360.48 kWh,123 990 DT TTC,SUV,6 ans ou 150.000 km | Batterie garantie 8 ans,5,5,1,Electrique,5 CV,204 CH,60.48 kWh,310 nm 0 tr/min,Automatique,Traction,4455 mm,1615 mm,440 L,7.3 s,7.3 s,160 KM/H
BYD Song Plus1.5 L DM-i,156 990 DT TTC,SUV,6 ans ou 150.000 km | Batterie garantie 8 ans,5,5,4,Essence | Hybride rechargeable,7 CV,265 CH,130 CH,204 CH,18.3 kWh,220 nm 1600 tr/min,300 nm,Automatique,Traction,4775 mm,4775 mm,1890 mm
BYD Tang EV108.8 kWh,229 990 DT TTC,SUV,6 ans ou 150.000 km | Batterie garantie 8 ans,7,5,2,Electrique,9 CV,516 CH,108.8 kWh,680 nm 0 tr/min,Automatique,Intégrale,4970 mm,1745 mm,940 L,1655 L,1655 L,4.9 s
Changan New Star Van1.2 L,39 900 DT TTC,1 an,Utilitaire,2,3 | 2 portes latérales coulissantes,4,Essence,6 CV,92 CH,113 nm 4800 tr/min,1243 CM³,Manuelle,5,Propulsion,1620 mm,1890 mm,620 KG,620 KG,3.5 m³
Changan Star Truck Double Cabine1.2 L,49 900 DT TTC,1 an,Pick up,5,4,4,Essence,7 CV,98 CH,119 nm N.C tr/min,1243 CM³,Manuelle,5,Propulsion,1645 mm,1890 mm,965 KG,965 KG,N.C
Changan Hunter1.9 L Turbo Diesel 4x4,123 046 DT TTC,3 ans ou 100.000 KM,Pick up,5,4,4,Diesel,6 CV,150 CH,350 nm 1800 tr/min,1910 CM³,Manuelle,6,Intégrale,5330 mm,1930 mm,1835 mm,1835 mm,980 KG
Chery Tiggo 1X populaire1.0 L Turbo,34 068 DT TTC,SUV,3 ans ou 100.000 KM,,5,5,3,Essence,4 CV,70 CH,117 nm 1500 tr/min,998 CM³,Manuelle,5,4200 mm,1760 mm,1570 mm,1570 mm,420 L
Chery Tiggo 3X1.0 L Turbo CVT Luxury,66 990 DT TTC,SUV,5 ans ou 100000 km,5,5,3,Essence,6 CV,102 CH,150 nm 1500 tr/min,998 CM³,Automatique,9,Traction,1760 mm,1570 mm,420 L,420 L,14.2 s
Chery Arrizo 51.5 L  Comfort BVM,63 490 DT TTC,Berline,5 ans ou 150000 km,5,4,4,Essence,7 CV,115 CH,141 nm 3800 tr/min,1499 CM³,Manuelle,5,Traction,1825 mm,1482 mm,430 L,430 L,12.4 s
Chery Arrizo 51.5 L CVT Luxury,71 490 DT TTC,Berline,5 ans ou 150000 km,5,4,4,Essence,7 CV,115 CH,141 nm 3800 tr/min,1499 CM³,Automatique,7,Traction,1825 mm,1482 mm,430 L,430 L,12.4 s
Chery Tiggo 7 Pro1.5 T CVT,99 580 DT TTC,SUV,7 ans ou 200000 km,5,5,4,Essence,9 CV,147 CH,210 nm 1750 tr/min,1498 CM³,Automatique,9,Traction,1842 mm,1705 mm,475 L,475 L,9.7 s
Chery Tiggo 8 Pro1.6 T-GDI 7-DCT,129 590 DT TTC,SUV,5 ans,7,5,4,Essence,11 CV,197 CH,290 nm 2000 tr/min,1598 CM³,Automatique,7,Traction,1860 mm,1705 mm,889 L,889 L,1930 L
Chevrolet Groove1.5 L Premier,85 825 DT TTC,2 ans,SUV,5,5,4,Essence,6 CV,106 CH,140 nm 3600 tr/min,1485 CM³,Automatique,Traction,4220 mm,1615 mm,320 L,13.2 s,13.2 s,160 KM/H
Chevrolet Captiva1.5 Turbo CVT 5 places,105 913 DT TTC,2 ans,SUV,5,5,4,Essence,9 CV,147 CH,255 nm 2400 tr/min,1451 CM³,Automatique,8,Traction,1835 mm,1750 mm,429 L,429 L,1051 L
Chevrolet Captiva1.5 Turbo CVT 7 places,109 913 DT TTC,2 ans,SUV,7,5,4,Essence,9 CV,147 CH,255 nm 2400 tr/min,1451 CM³,Automatique,8,Traction,1835 mm,1750 mm,429 L,429 L,1051 L
Chevrolet Equinox1.5 Turbo  AWD  BVA,148 968 DT TTC,2 ans,SUV,5,5,4,Essence,10 CV,172 CH,275 nm 2000 tr/min,1451 CM³,Automatique,6,Intégrale,1843 mm,1697 mm,846 L,846 L,N.C
Citroën C3 Populaire1.2 L,34 626 DT TTC,Citadine,3 ans,,5,5,3,Essence,4 CV,75 CH,118 nm 2750 tr/min,1199 CM³,Manuelle,5,3999 mm,1749 mm,1474 mm,1474 mm,300 L
Citroën C4 X1.2 L  Plus EAT8,89 900 DT TTC,Berline,3 ans ou 100.000 KM,5,4,3,Essence,7 CV,130 CH,230 nm 1750 tr/min,1199 CM³,Automatique,8,Traction,1800 mm,1525 mm,510 L,510 L,9.7 s
Citroën C4 X1.2 L  Max EAT8,94 900 DT TTC,Berline,3 ans ou 100.000 KM,5,4,3,Essence,7 CV,130 CH,230 nm 1750 tr/min,1199 CM³,Automatique,8,Traction,1800 mm,1525 mm,510 L,510 L,9.7 s
Citroën Berlingo Van1.6 L HDI 650 Kg,67 490 DT TTC,3 ans,Utilitaire,2,5 | 1 porte latérale coulissante | 2 portes arrières battantes tolées,4,Diesel,5 CV,92 CH,215 nm 1750 tr/min,1560 CM³,Manuelle,5,Traction,1848 mm,1803 mm,650 KG,650 KG,3.3 m³
Citroën Berlingo Van1.6 L HDI 1000 Kg,68 490 DT TTC,3 ans,Utilitaire,2,5 | 1 porte latérale coulissante | 2 portes arrières battantes tolées,4,Diesel,5 CV,92 CH,215 nm 1750 tr/min,1560 CM³,Manuelle,5,Traction,1848 mm,1803 mm,1000 KG,1000 KG,3.3 m³
Citroën Berlingo Van1.6 L HDI XL 1000 Kg,69 900 DT TTC,3 ans,Utilitaire,2,5 | 1 porte latérale coulissante | 2 portes arrières battantes tolées,4,Diesel,5 CV,92 CH,215 nm 1750 tr/min,1560 CM³,Manuelle,5,Traction,1848 mm,1803 mm,1000 KG,1000 KG,3.9 m³
Citroën Jumpy Fourgon2.0 L HDI,84 900 DT TTC,3 ans,Utilitaire,3,5 | 1 porte latérale coulissante | 2 portes arrières battantes tolées,4,Diesel,7 CV,150 CH,370 nm 2000 tr/min,1997 CM³,Manuelle,6,Traction,1920 mm,1935 mm,1000 KG,1000 KG,5.3 m³
Citroën Jumper2.2 L HDI L1H1 8m3,89 900 DT TTC,3 ans,Utilitaire,3,5 | 1 porte latérale coulissante | 2 portes arrières battantes tolées,4,Diesel,7 CV,140 CH,340 nm 1750 tr/min,2179 CM³,Manuelle,6,Traction,1870 mm,2254 mm,1390 KG,1390 KG,8 m³
Citroën Jumper2.2 L HDI L2H2 11.5m3,91 900 DT TTC,3 ans,Utilitaire,3,5 | 1 porte latérale coulissante | 2 portes arrières battantes tolées,4,Diesel,7 CV,140 CH,340 nm 1750 tr/min,2179 CM³,Manuelle,6,Traction,1870 mm,2522 mm,1390 KG,1390 KG,11.5 m³
Citroën Jumper2.2 L HDI L3H3 15m3,94 900 DT TTC,3 ans,Utilitaire,3,5 | 1 porte latérale coulissante | 2 portes arrières battantes tolées,4,Diesel,7 CV,140 CH,340 nm 1750 tr/min,2179 CM³,Manuelle,6,Traction,1870 mm,2760 mm,1470 KG,1470 KG,15 m³
Citroën Berlingo1.6 L HDI,103 900 DT TTC,3 ans,Monospace,5,5 | 2 portes latérales coulissantes,4,Diesel,5 CV,92 CH,215 nm 1750 tr/min,1560 CM³,Manuelle,5,Traction,1921 mm,1818 mm,13.4 s,13.4 s,160 KM/H
Cupra Leon1.4 TSI,131 980 DT TTC,Compacte,3 ans,5,5,4,Essence,8 CV,150 CH,250 nm 1400 tr/min,1395 CM³,Automatique,8,Traction,4398 mm,1992 mm,1442 mm,1442 mm,380 L
Cupra Leon1.4 TSI Sport,141 980 DT TTC,Compacte,3 ans,5,5,4,Essence,8 CV,150 CH,250 nm 1400 tr/min,1395 CM³,Automatique,8,Traction,4398 mm,1992 mm,1442 mm,1442 mm,380 L
Cupra Formentor2.0 L TSI  7 Exclusive DSG,167 980 DT TTC,SUV,3 ans,5,5,4,Essence,11 CV,190 CH,320 nm 1500 tr/min,1998 CM³,Automatique,7,Traction,4450 mm,1839 mm,1511 mm,1511 mm,420 L
Dacia Sandero Stepway1.0 L,62 990 DT TTC,SUV,2 ans ou 100.000 km,5,5,3,Essence,6 CV,100 CH,170 nm 2100 tr/min,999 CM³,Manuelle,6,Traction,1784 mm,1580 mm,328 L,328 L,11.9 s
Dacia Sandero Stepway1.0 L   BVA,72 990 DT TTC,SUV,2 ans ou 100.000 km,5,5,3,Essence,6 CV,100 CH,170 nm 2100 tr/min,999 CM³,Automatique,6,Traction,1784 mm,1580 mm,328 L,328 L,11.9 s
Dacia Sandero1.0 L TCE,57 450 DT TTC,Citadine,2 ans,5,5,3,Essence,5 CV,100 CH,170 nm 2000 tr/min,999 CM³,Manuelle,6,Traction,1733 mm,1523 mm,320 L,320 L,11.9 s
Dacia Logan1.0 L TCE Écran tactile,62 500 DT TTC,Berline,2 ans ou 100.000 km,5,4,3,Essence,5 CV,100 CH,160 nm 2000 tr/min,999 CM³,Manuelle,5,Traction,1848 mm,1501 mm,528 L,528 L,1361 L
Dacia Duster1.5 L dCi 4x2 Confort,88 700 DT TTC,SUV,2 ans ou 100.000 km,5,5,4,Diesel,5 CV,86 CH,200 nm 1750 tr/min,1461 CM³,Manuelle,5,Traction,1804 mm,1687 mm,445 L,445 L,12.6 s
Dacia Duster1.5 L dCi 4x4 Confort,100 550 DT TTC,SUV,2 ans ou 100.000 km,5,5,4,Diesel,6 CV,109 CH,260 nm 2000 tr/min,1461 CM³,Manuelle,6,Intégrale,1804 mm,1678 mm,445 L,445 L,12.1 s
Dacia Duster1.5 L dCi 4x2  Confort BVA,101 350 DT TTC,SUV,2 ans ou 100.000 km,5,5,4,Diesel,6 CV,109 CH,260 nm 2000 tr/min,1461 CM³,Automatique,6,Traction,1804 mm,1687 mm,445 L,445 L,12.6 s
DFSK Glory 5001.5  MT,67 900 DT TTC,SUV,7 ans ou 150.000 km,5,5,4,Essence,7 CV,115 CH,147.5 nm 1800 tr/min,1498 CM³,Manuelle,5,Traction,1850 mm,1645 mm,320 L,320 L,8.8 s
DFSK Glory 5001.5 CVT,83 900 DT TTC,SUV,7 ans ou 150.000 km,5,5,4,Essence,7 CV,115 CH,147.5 nm 1800 tr/min,1498 CM³,Automatique,Traction,4385 mm,1645 mm,320 L,8.8 s,8.8 s,180 KM/H
DFSK Glory 5801.5 T Luxury CVT,99 900 DT TTC,SUV,7 ans ou 150.000 km,7,5,4,Essence,8 CV,145 CH,220 nm 2000 tr/min,1499 CM³,Automatique,Traction,4680 mm,1715 mm,8.8 s,180 KM/H,180 KM/H,8.2 L/100 km
DFSK Glory iX51.5 T Deluxe CVT,118 900 DT TTC,SUV,7 ans ou 150.000 km,5,5,4,Essence,9 CV,140 CH,220 nm 1800 tr/min,1498 CM³,Automatique,Traction,4685 mm,1645 mm,8.8 s,180 KM/H,180 KM/H,8.6 L/100 km
DFSK K01SSimple Cabine STD,29 900 DT TTC,2 ans,Pick up,2,2,4,Essence,5 CV,58 CH,88 nm 3000 tr/min,1000 CM³,Manuelle,5,Propulsion,1560 mm,1810 mm,985 KG,985 KG,N.C
DFSK K01SSimple Cabine DLX,31 900 DT TTC,2 ans,Pick up,2,2,4,Essence,5 CV,58 CH,88 nm 3000 tr/min,1000 CM³,Manuelle,5,Propulsion,1560 mm,1810 mm,985 KG,985 KG,N.C
DFSK K01HLarge Cabine 1.1 l STD,35 900 DT TTC,2 ans,Pick up,2,2,4,Essence,6 CV,50 CH,83 nm 3000 tr/min,1050 CM³,Manuelle,5,Propulsion,1560 mm,1850 mm,915 KG,915 KG,N.C
DFSK K01HLarge Cabine 1.1 l DLX,37 900 DT TTC,2 ans,Pick up,2,2,4,Essence,6 CV,50 CH,83 nm 3000 tr/min,1050 CM³,Manuelle,5,Propulsion,1560 mm,1850 mm,915 KG,915 KG,N.C
DFSK K02S1.0 l Double Cabine STD,39 900 DT TTC,2 ans,Pick up,4,4,4,Essence,5 CV,58 CH,88 nm 3000 tr/min,1000 CM³,Manuelle,5,Propulsion,1560 mm,1840 mm,875 KG,875 KG,N.C
DFSK K02S1.0 l Double Cabine DLX,41 900 DT TTC,2 ans,Pick up,4,4,4,Essence,5 CV,58 CH,88 nm 3000 tr/min,1000 CM³,Manuelle,5,Propulsion,1560 mm,1840 mm,875 KG,875 KG,N.C
DFSK C311.5 L Simple Cabine DLX,46 900 DT TTC,2 ans,Pick up,2,2,4,Essence,7 CV,101 CH,136 nm 3000 tr/min,1493 CM³,Manuelle,5,Propulsion,1655 mm,1890 mm,1195 KG,1195 KG,N.C
DFSK C321.5 L Double Cabine DLX,58 900 DT TTC,2 ans,Pick up,4,4,4,Essence,7 CV,101 CH,136 nm 3000 tr/min,1493 CM³,Manuelle,5,Propulsion,1655 mm,1910 mm,1115 KG,1115 KG,N.C
Dongfeng Rich 62.5 Turbo Diesel 4X2,98 900 DT TTC,3 ans ou 100.000 KM,Pick up,5,4,4,Diesel,8 CV,140 CH,305 nm 1800 tr/min,2498 CM³,Manuelle,5,Propulsion,1850 mm,1810 mm,800 KG,800 KG,N.C
Dongfeng Rich 62.5 Turbo Diesel 4X4,108 900 DT TTC,3 ans ou 100.000 KM,Pick up,5,4,4,Diesel,8 CV,140 CH,305 nm 1800 tr/min,2498 CM³,Manuelle,5,Intégrale,5290 mm,1850 mm,1810 mm,1810 mm,800 KG
Dongfeng Rich 62.5 Turbo Diesel 4X4 Toutes Options,112 900 DT TTC,3 ans ou 100.000 KM,Pick up,5,4,4,Diesel,8 CV,140 CH,305 nm 1800 tr/min,2498 CM³,Manuelle,5,Intégrale,5290 mm,1850 mm,1810 mm,1810 mm,800 KG
Dongfeng Forthing T5 EVO1.5 L Turbo,122 700 DT TTC,SUV,5 ans ou 100000 km,5,5,4,Essence,9 CV,176 CH,260 nm 1500 tr/min,1500 CM³,Automatique,7,Traction,1860 mm,1690 mm,9.5 s,9.5 s,240 KM/H
Faw Besturn X401.6 L,84 900 DT TTC,SUV,3 ans ou 100.000 KM,5,5,4,Essence,6 CV,110 CH,155 nm 3600 tr/min,1598 CM³,Automatique,6,Traction,1780 mm,1680 mm,375 L,375 L,N.C
Fiat Tipo Berline1.4 L Entry Taxi,54 900 DT TTC,Berline,3 ans,5,4,4,Essence,5 CV,95 CH,127 nm 4500 tr/min,1368 CM³,Manuelle,6,Traction,1790 mm,1497 mm,520 L,520 L,11.5 s
Fiat Tipo Berline1.4 L Mid,81 500 DT TTC,Berline,3 ans,5,4,4,Essence,5 CV,95 CH,127 nm 4500 tr/min,1368 CM³,Manuelle,6,Traction,1790 mm,1497 mm,520 L,520 L,11.5 s
Fiat 5001.2 L  Cult Club BVA,70 500 DT TTC,Citadine,3 ans,4,3,4,Essence,4 CV,69 CH,102 nm 3000 tr/min,1242 CM³,Automatique,6,Traction,1627 mm,1488 mm,185 L,185 L,12.9 s
Fiat Fiorino Combi1.3 L Multijet,82 000 DT TTC,3 ans,Monospace,4,5 | 2 portes latérales coulissantes,4,Diesel,4 CV,75 CH,190 nm 1500 tr/min,1248 CM³,Manuelle,5,Traction,1716 mm,1721 mm,640 KG,640 KG,2.5 m³
Fiat Doblo1.6 L HDI Van Club,67 490 DT TTC,3 ans,Utilitaire,3,5 | 1 porte latérale coulissante | 2 portes arrières battantes tolées,4,Diesel,5 CV,92 CH,215 nm 1750 tr/min,1560 CM³,Manuelle,5,Traction,1848 mm,1796 mm,620 KG,620 KG,3.3/3.8 m³
Fiat Ducato2.2 HDI 8m3 L1H1,90 400 DT TTC,3 ans,Utilitaire,3,2 portes latérales coulissantes | 2 portes arrières battantes tolées | 6,4,Diesel,7 CV,140 CH,340 nm 1750 tr/min,2179 CM³,Manuelle,6,Traction,2050 mm,2254 mm,8 m³,8 m³,N.C
Fiat Ducato2.2 HDI 11.5 m3 L1H2,92 400 DT TTC,3 ans,Utilitaire,3,2 portes latérales coulissantes | 2 portes arrières battantes tolées | 6,4,Diesel,7 CV,140 CH,340 nm 1750 tr/min,2179 CM³,Manuelle,6,Traction,2050 mm,2254 mm,11.5 m³,11.5 m³,N.C
Fiat Ducato2.2 HDI 13 m3 L2H2,94 400 DT TTC,3 ans,Utilitaire,3,2 portes latérales coulissantes | 2 portes arrières battantes tolées | 6,4,Diesel,7 CV,140 CH,340 nm 1750 tr/min,2179 CM³,Manuelle,6,Traction,2050 mm,2524 mm,13 m³,13 m³,N.C
Foday F22 S1.9 T 4WD,99 500 DT TTC,3 ans ou 100.000 KM,Pick up,2,2,4,Diesel,6 CV,138 CH,400 nm 1600 tr/min,1855 CM³,Manuelle,5,Intégrale,1870 mm,1864 mm,1160 KG,1160 KG,3.525 m²
Foday F22 D1.9 L TID4 Luxury,109 800 DT TTC,3 ans ou 100.000 KM,Pick up,5,4,4,Diesel,6 CV,138 CH,400 nm 1600 tr/min,1855 CM³,Manuelle,5,Intégrale,1870 mm,1864 mm,1115 KG,1115 KG,2.25 m²
Foday F22 Max1.9 L TID4 Luxury,116 800 DT TTC,3 ans ou 100.000 KM,Pick up,5,4,4,Diesel,6 CV,138 CH,400 nm 1600 tr/min,1855 CM³,Manuelle,5,Intégrale,1870 mm,1864 mm,980 KG,980 KG,2.85 m²
Ford Everest2.0 L Bi-Turbo XLT 7 places,257 000 DT TTC,SUV,3 ans ou 60.000 km,7,5,4,Diesel,13 CV,210 CH,500 nm 1750 tr/min,1996 CM³,Automatique,10,Intégrale,4914 mm,1923 mm,1841 mm,1841 mm,898 L
Ford Everest2.0 L Bi-Turbo Limited 7 places,285 000 DT TTC,SUV,3 ans ou 60.000 km,7,5,4,Diesel,13 CV,210 CH,500 nm 1750 tr/min,1996 CM³,Automatique,10,Intégrale,4914 mm,1923 mm,1841 mm,1841 mm,898 L
Ford Ranger2.0 L 170 ch 4x4  XLT BVA,160 000 DT TTC,Pick up,3 ans ou 60.000 km,5,4,4,Diesel,7 CV,170 CH,405 nm 1750 tr/min,1996 CM³,Automatique,6,Intégrale,5370 mm,1918 mm,1884 mm,1884 mm,11.6 s
Ford Ranger2.0 L TDCI 210 ch 4x4  Wildtrak BVA,235 000 DT TTC,Pick up,3 ans ou 60.000 km,5,4,4,Diesel,5 CV,210 CH,500 nm 1750 tr/min,1996 CM³,Automatique,10,Intégrale,5370 mm,1918 mm,1884 mm,1884 mm,1020 KG
Ford Ranger Raptor2.0 L TDCI 210 ch 4x4   BVA,320 000 DT TTC,Pick up,3 ans ou 60.000 km,5,4,4,Diesel,5 CV,210 CH,500 nm 1750 tr/min,1996 CM³,Automatique,10,Intégrale,5381 mm,2208 mm,1922 mm,1922 mm,750 KG
Ford Transit Van2.2 l D 330 M L2H2,91 500 DT TTC,2 ans,Utilitaire,3,5 | 1 porte latérale coulissante | 2 portes arrières battantes tolées,4,Diesel,7 CV,125 CH,350 nm 2100 tr/min,2198 CM³,Manuelle,6,Traction,2059 mm,2549 mm,1310 KG,1310 KG,N/A L
GAC GA41.5 L   BVA,69 900 DT TTC,Berline,5 ans ou 150000 km,5,4,4,Essence,6 CV,107 CH,141 nm 4500 tr/min,1495 CM³,Automatique,4,Traction,1805 mm,1500 mm,580 L,580 L,N.C
GAC GS31.3 L   BVA,79 970 DT TTC,SUV,5 ans ou 150000 km,5,5,4,Essence,7 CV,127 CH,192 nm 1500 tr/min,1325 CM³,Automatique,6,Traction,1825 mm,1680 mm,410 L,410 L,N.C
Geely GX3 Pro1.5 L CVT,68 800 DT TTC,SUV,4 ans,5,5,4,Essence,6 CV,103 CH,142 nm 4400 tr/min,1498 CM³,Automatique,7,Traction,1760 mm,1575 mm,400 L,400 L,11.7 s
Geely Coolray1.5 L Turbo GS,86 800 DT TTC,SUV,5 ans ou 150000 km,5,5,3,Essence,10 CV,177 CH,255 nm 1500 tr/min,1477 CM³,Automatique,7,Traction,1800 mm,1609 mm,330 L,330 L,8.4 s
Geely Coolray1.5 L Turbo GF,98 800 DT TTC,SUV,5 ans ou 150000 km,5,5,3,Essence,10 CV,177 CH,255 nm 1500 tr/min,1477 CM³,Automatique,7,Traction,1800 mm,1609 mm,330 L,330 L,8.4 s
Geely Azkarra1.5 L Turbo Mild Hybrid 4WD,122 800 DT TTC,SUV,5 ans ou 150000 km,5,5,3,Essence | Hybride léger,9 CV,149 CH,13 CH,300 nm 1500 tr/min,1477 CM³,Automatique,7,4544 mm,1831 mm,1713 mm,1713 mm,378 L
Great Wall Wingle 5 Double Cabine2.0 L Diesel 4x2,87 500 DT TTC,3 ans,Pick up,5,4,4,Diesel,7 CV,143 CH,305 nm 1800 tr/min,1996 CM³,Manuelle,6,Propulsion,1800 mm,1730 mm,N.C,N.C,N.C
Great Wall Poer MT2.0 L Diesel 4x4,115 900 DT TTC,3 ans ou 100.000 KM,Pick up,5,5,4,Diesel,11 CV,163 CH,400 nm 1500 tr/min,1996 CM³,Manuelle,6,Intégrale,5362 mm,1883 mm,1882 mm,1882 mm,N.C
Great Wall Poer AT2.0 L Diesel 4x4,141 900 DT TTC,3 ans ou 100.000 KM,Pick up,5,5,4,Diesel,7 CV,163 CH,400 nm 1800 tr/min,1996 CM³,Automatique,8,Intégrale,5410 mm,1934 mm,1886 mm,1886 mm,1050 KG
Haval Jolion1.5 T,102 900 DT TTC,SUV,5 ans ou 100000 km,5,5,4,Essence,9 CV,143 CH,210 nm 2000 tr/min,1479 CM³,Automatique,7,Traction,1841 mm,1574 mm,390 L,390 L,11 s
Haval H6 Hybride1.5 T HEV,144 900 DT TTC,SUV,5 ans ou 150000 km | Batterie garantie 8 ans ou 150000 km,5,5,4,Essence | Hybride,8 CV,240 CH,530 nm 1500 tr/min,1499 CM³,Automatique,Traction,4653 mm,1730 mm,600 L,8.5 s,8.5 s,180 KM/H
Honda Jazz1.5 L e-HEV,85 990 DT TTC,Citadine,3 ans ou 100.000 KM,5,5,4,2,Essence | Hybride,5 CV,108 CH,122 CH,131 nm 4500 tr/min,253 nm,1498 CM³,Traction,4047 mm,1694 mm,1694 mm,1487 mm
Honda HR-V1.5 L CVT EX,127 990 DT TTC,SUV,3 ans ou 100.000 KM,5,5,4,Essence,7 CV,119 CH,145 nm 4300 tr/min,1498 CM³,Automatique,Traction,4385 mm,1581 mm,335 L,11.4 s,11.4 s,187 KM/H
Honda ZR-V1.5 L CVT,149 990 DT TTC,SUV,3 ans ou 100.000 KM,5,5,4,Essence,11 CV,182 CH,240 nm 1700 tr/min,1498 CM³,Automatique,Traction,4569 mm,1612 mm,370 L,1300 L,1300 L,11 s
Honda City1.5 L CVT LX,78 990 DT TTC,Berline,3 ans ou 100.000 KM,5,4,4,Essence,6 CV,120 CH,145 nm 4300 tr/min,1498 CM³,Automatique,Traction,4553 mm,1467 mm,509 L,10.2 s,10.2 s,196 KM/H
Honda City1.5 L CVT LX Sport,81 490 DT TTC,Berline,3 ans ou 100.000 KM,5,4,4,Essence,6 CV,120 CH,145 nm 4300 tr/min,1498 CM³,Automatique,Traction,4553 mm,1467 mm,509 L,10.2 s,10.2 s,196 KM/H
Honda City1.5 L CVT LX Sport +,82 990 DT TTC,Berline,3 ans ou 100.000 KM,5,4,4,Essence,6 CV,120 CH,145 nm 4300 tr/min,1498 CM³,Automatique,Traction,4553 mm,1467 mm,509 L,10.2 s,10.2 s,196 KM/H
Honda Civic1.5 l CVT,159 990 DT TTC,Berline,3 ans ou 100.000 KM,5,4,4,Essence,10 CV,178 CH,220 nm 4500 tr/min,1498 CM³,Automatique,Traction,4679 mm,1432 mm,419 L,8.3 s,8.3 s,200 KM/H
Honda Civic Hybride2.0 l e-HEV,186 990 DT TTC,Berline,3 ans ou 100.000 KM,5,4,4,2,Essence | Hybride,7 CV,143 CH,184 CH,189 nm 4500 tr/min,315 nm,1993 CM³,Traction,4679 mm,1802 mm,1802 mm,1432 mm
Honda Civic Type R2.0 l Turbo,279 990 DT TTC,Berline,3 ans ou 100.000 KM,4,4,4,Essence,21 CV,319 CH,420 nm 2600 tr/min,1996 CM³,Manuelle,6,Traction,1890 mm,1401 mm,694 L,694 L,5.4 s
Honda Accord1.5 L CVT,189 990 DT TTC,Berline,3 ans,5,4,4,Essence,10 CV,182 CH,233 nm 1700 tr/min,1498 CM³,Automatique,Traction,4971 mm,1452 mm,473 L,8.3 s,8.3 s,200 KM/H
Hyundai Grand i10 Populaire1.0 L,34 426 DT TTC,Citadine,5 ans,,5,5,3,Essence,4 CV,65 CH,95 nm 3500 tr/min,998 CMÂ³,Manuelle,5,3805 mm,1680 mm,1510 mm,1510 mm,260 L
Hyundai Grand i101.2 L GLS,51 950 DT TTC,Citadine,5 ans,5,5,4,Essence,5 CV,83 CH,113 nm 4000 tr/min,1197 CM³,Manuelle,5,Traction,1680 mm,1510 mm,260 L,260 L,12.3 s
Hyundai Grand i101.2 L High Grade,56 450 DT TTC,Citadine,5 ans,5,5,4,Essence,5 CV,83 CH,113 nm 4000 tr/min,1197 CM³,Manuelle,5,Traction,1680 mm,1510 mm,260 L,260 L,12.3 s
Hyundai Grand i101.2 L  High Grade BVA,60 950 DT TTC,Citadine,5 ans,5,5,4,Essence,5 CV,83 CH,113 nm 4000 tr/min,1197 CM³,Automatique,4,Traction,1680 mm,1510 mm,260 L,260 L,12.3 s
Hyundai Grand i10 Sedan1.2 L,56 950 DT TTC,Berline,5 ans,5,4,4,Essence,5 CV,83 CH,113 nm 4000 tr/min,1197 CM³,Manuelle,5,Traction,1680 mm,1510 mm,407 L,407 L,12.3 s
Hyundai i201.2 L GLS Plus,66 950 DT TTC,Citadine,5 ans,5,5,4,Essence,4 CV,76 CH,122 nm 4000 tr/min,1197 CM³,Manuelle,5,Traction,1775 mm,1450 mm,352 L,352 L,13.1 s
Hyundai i201.2 L High Grade,72 950 DT TTC,Citadine,5 ans,5,5,4,Essence,4 CV,76 CH,122 nm 4000 tr/min,1197 CM³,Manuelle,5,Traction,1775 mm,1450 mm,352 L,352 L,13.1 s
Hyundai i201.0 L T MHEV   BVA,85 950 DT TTC,Citadine,5 ans,5,5,3,Essence | Hybride léger,5 CV,98 CH,172 nm 1500 tr/min,998 CM³,Automatique,7,Traction,1775 mm,1450 mm,352 L,352 L,10.4 s
Hyundai Venue1.0 L Turbo   BVA,90 000 DT TTC,SUV,5 ans ou 100000 km,5,5,3,Essence,7 CV,120 CH,172 nm 1500 tr/min,998 CM³,Automatique,7,Traction,1770 mm,1605 mm,355 L,355 L,10.2 s
Hyundai Creta1.5 l   BVA,118 950 DT TTC,SUV,5 ans,5,5,4,Essence,6 CV,113 CH,144 nm 4500 tr/min,1491 CM³,Automatique,6,Traction,1790 mm,1630 mm,402 L,402 L,11.5 s
Hyundai Kona Electric39 kWh,123 950 DT TTC,SUV,5 ans ou 100000 km,5,5,1,Electrique,11 CV,136 CH,39.2 kWh,395 nm 0 tr/min,Automatique,Traction,4205 mm,1570 mm,332 L,1114 L,1114 L,9.9 s
Hyundai Kona Hybride1.6 l GDI Hybride   BVA,130 000 DT TTC,SUV,5 ans ou 100000 km,5,5,4,Essence | Hybride,5 CV,141 CH,265 nm 1500 tr/min,1580 CM³,Automatique,6,Traction,1800 mm,1500 mm,544 L,544 L,11.6 s
Hyundai Kona1.6 l T-GDI 7-DCT 4WD,137 000 DT TTC,SUV,5 ans ou 100000 km,5,5,4,Essence,11 CV,200 CH,265 nm 1500 tr/min,1598 CM³,Automatique,7,Intégrale,1800 mm,1500 mm,544 L,544 L,7.4 s
Hyundai Kona1.6 l T-GDI 7-DCT 4WD N Line,150 000 DT TTC,SUV,5 ans ou 100000 km,5,5,4,Essence,11 CV,200 CH,265 nm 1500 tr/min,1598 CM³,Automatique,7,Intégrale,1800 mm,1500 mm,544 L,544 L,7.4 s
Hyundai Tucson1.6 l T-GDI 7-DCT 4WD Top Grade,180 000 DT TTC,SUV,5 ans,5,5,4,Essence,10 CV,180 CH,265 nm 1500 tr/min,1598 CM³,Automatique,7,Intégrale,1850 mm,1650 mm,536 L,536 L,9 s
Hyundai Tucson Hybride1.6 l T-GDI  2WD Top Grade BVA 6,170 000 DT TTC,SUV,5 ans,5,5,4,Essence | Hybride,9 CV,230 CH,350 nm 1500 tr/min,1598 CM³,Automatique,6,Traction,1850 mm,1650 mm,536 L,536 L,8 s
Hyundai Azera Hybride1.6 l T-GDI  2WD Calligraphy BVA 6,249 950 DT TTC,Berline,5 ans,5,4,4,Essence | Hybride,9 CV,230 CH,350 nm 1500 tr/min,1598 CM³,Automatique,6,Traction,1880 mm,1460 mm,480 L,480 L,7 s
Hyundai Ioniq 558 kWh 2WD HG,168 950 DT TTC,SUV,5 ans ou 100000 km,5,5,1,Electrique,9 CV,166 CH,58 kWh,350 nm 0 tr/min,Automatique,Propulsion,4635 mm,1605 mm,527 L,1587 L,1587 L,57 L
Hyundai Ioniq 577 kWh 4WD HG,210 950 DT TTC,SUV,5 ans ou 100000 km,5,5,2,Electrique,21 CV,325 CH,77.4 kWh,605 nm 0 tr/min,Automatique,Intégrale,4635 mm,1605 mm,527 L,1587 L,1587 L,24 L
Hyundai Santa Fe2.2 L CRDI High Grade,280 000 DT TTC,SUV,5 ans,7,5,4,Diesel,12 CV,200 CH,440 nm 1750 tr/min,2199 CM³,Automatique,8,Intégrale,1890 mm,1680 mm,547 L,547 L,9.5 s
Hyundai Palisade Calligraphy2.2 L TCi  4x4  BVA,350 000 DT TTC,SUV,5 ans,7,5,4,Diesel,12 CV,193 CH,441 nm 1750 tr/min,2199 CM³,Automatique,8,Intégrale,1975 mm,1750 mm,509 L,509 L,10.5 s
Hyundai Palisade Calligraphy3.5 L GDI  4x4  BVA,350 100 DT TTC,SUV,5 ans,8,5,6,Essence,19 CV,277 CH,335 nm 5000 tr/min,3470 CM³,Automatique,8,Intégrale,1975 mm,1750 mm,509 L,509 L,8.2 s
Hyundai Staria 11 places2.2 CRDI,159 600 DT TTC,Monospace,5 ans ou 100000 km,11,5,4,Diesel,8 CV,177 CH,430 nm 1500 tr/min,2199 CM³,Manuelle,6,Traction,1997 mm,1990 mm,12.4 s,12.4 s,185 KM/H
Hyundai Staria 9 places2.2 CRDI,190 000 DT TTC,Monospace,5 ans ou 100000 km,9,5,4,Diesel,11 CV,177 CH,430 nm 1500 tr/min,2199 CM³,Manuelle,6,Traction,1997 mm,1990 mm,12.4 s,12.4 s,185 KM/H
Hyundai Staria 9 places2.2 CRDI  4WD  BVA,210 100 DT TTC,Monospace,5 ans ou 100000 km,9,5,4,Diesel,11 CV,177 CH,430 nm 1500 tr/min,2199 CM³,Automatique,8,Intégrale,1997 mm,1990 mm,12.4 s,12.4 s,185 KM/H
Hyundai Staria 9 places2.2 CRDI  4WD Luxe BVA,280 000 DT TTC,Monospace,5 ans ou 100000 km,9,5,4,Diesel,11 CV,177 CH,430 nm 1500 tr/min,2199 CM³,Automatique,8,Intégrale,5253 mm,1997 mm,1990 mm,1990 mm,12.4 s
JAC T8 Pro Double Cabine2.0 L CTI Diesel 4x4,105 000 DT TTC,3 ans ou 100.000 KM,Pick up,5,4,4,Diesel,7 CV,137 CH,320 nm 1600 tr/min,1999 CM³,Manuelle,6,Intégrale,1880 mm,1830 mm,920 KG,920 KG,N.C
Jaguar E-Pace2.0 D 163 R-Dynamic S,350 000 DT TTC,SUV,5 ans,5,5,4,Diesel,12 CV,163 CH,380 nm 1250 tr/min,1998 CM³,Automatique,8,Intégrale,1984 mm,1648 mm,577 L,577 L,10 s
Jaguar F-Pace2.0 T 250 R-Dynamic S,399 000 DT TTC,SUV,5 ans,5,5,4,Essence,16 CV,250 CH,365 nm 1200 tr/min,1997 CM³,Automatique,8,Intégrale,1940 mm,1670 mm,650 L,650 L,6.8 s
Jeep Renegade1.4 Turbo  4x2 Limited BVA,126 500 DT TTC,SUV,3 ans ou 100.000 KM,5,5,4,Essence,8 CV,140 CH,230 nm 1750 tr/min,1368 CM³,Automatique,6,Traction,1805 mm,1697 mm,351 L,351 L,10.9 s
Jeep Wrangler2.0 L Rubicon,327 000 DT TTC,SUV,3 ans ou 100.000 KM,5,3,4,Essence,18 CV,272 CH,400 nm 3000 tr/min,2000 CM³,Automatique,8,Intégrale,4334 mm,1894 mm,1839 mm,1839 mm,203 L
Jeep Wrangler Unlimited2.0 L Rubicon,375 000 DT TTC,SUV,3 ans ou 100.000 KM,5,5,4,Essence,18 CV,272 CH,400 nm 3000 tr/min,2000 CM³,Automatique,8,Intégrale,4882 mm,1894 mm,1839 mm,1839 mm,548 L
Jeep Wrangler Unlimited3.6 L V6 Rubicon,405 000 DT TTC,SUV,3 ans ou 100.000 KM,5,5,6,Essence,19 CV,284 CH,347 nm 4300 tr/min,3604 CM³,Automatique,8,Intégrale,4882 mm,1894 mm,1828 mm,1828 mm,498 L
KIA Picanto Populaire1.0 L,33 660 DT TTC,Citadine,5 ans,,5,5,3,Essence,4 CV,67 CH,95.2 nm 3700 tr/min,998 CMÂ³,Manuelle,5,3595 mm,1595 mm,1485 mm,1485 mm,255 L
KIA Picanto1.2 L  Smart BVM,52 980 DT TTC,Citadine,5 ans,5,5,4,Essence,5 CV,84 CH,115 nm 4200 tr/min,1197 CM³,Manuelle,5,Traction,1595 mm,1485 mm,255 L,255 L,12 s
KIA Picanto1.2 L  Smart BVA,56 480 DT TTC,Citadine,5 ans,5,5,4,Essence,4 CV,84 CH,115 nm 4200 tr/min,1197 CM³,Automatique,5,Traction,1595 mm,1485 mm,255 L,255 L,12 s
KIA Picanto1.2 L  GT-Line BVA,62 480 DT TTC,Citadine,5 ans,5,5,4,Essence,4 CV,84 CH,115 nm 4200 tr/min,1197 CM³,Automatique,5,Traction,1595 mm,1485 mm,255 L,255 L,12 s
KIA Picanto1.2 L  GT-Line + BVA,65 480 DT TTC,Citadine,5 ans,5,5,4,Essence,4 CV,84 CH,115 nm 4200 tr/min,1197 CM³,Automatique,5,Traction,1595 mm,1485 mm,255 L,255 L,12 s
KIA Stonic1.2 L  EX BVM,72 980 DT TTC,SUV,5 ans,5,5,4,Essence,5 CV,84 CH,118 nm 4200 tr/min,1197 CM³,Manuelle,5,Traction,1760 mm,1505 mm,352 L,352 L,13.5 s
KIA Stonic1.2 L  SX BVM,77 980 DT TTC,SUV,5 ans,5,5,4,Essence,5 CV,84 CH,118 nm 4200 tr/min,1197 CM³,Manuelle,5,Traction,1760 mm,1505 mm,352 L,352 L,13.5 s
KIA Sonet1.5 L  EX BVM,88 480 DT TTC,SUV,5 ans,5,5,4,Essence,6 CV,115 CH,144 nm 4500 tr/min,1497 CM³,Manuelle,6,Traction,1790 mm,1610 mm,385 L,385 L,10.5 s
KIA Sonet1.5 L CVT EX Plus,93 980 DT TTC,SUV,5 ans,5,5,4,Essence,6 CV,115 CH,144 nm 4500 tr/min,1497 CM³,Automatique,Traction,4110 mm,1610 mm,385 L,10.3 s,10.3 s,175 KM/H
KIA Sonet1.5 L CVT SX,99 980 DT TTC,SUV,5 ans,5,5,4,Essence,6 CV,115 CH,144 nm 4500 tr/min,1497 CM³,Automatique,Traction,4110 mm,1610 mm,385 L,10.3 s,10.3 s,175 KM/H
KIA Seltos1.4 T-GDI Top Grade,119 980 DT TTC,SUV,5 ans,5,5,4,Essence,8 CV,140 CH,242 nm 1500 tr/min,1353 CM³,Automatique,7,Traction,1800 mm,1630 mm,433 L,433 L,10.8 s
KIA Niro Hybride1.6 L EX,139 980 DT TTC,SUV,5 ans,5,5,4,Essence | Hybride,5 CV,141 CH,265 nm 1000 tr/min,1580 CM³,Automatique,6,Traction,1825 mm,1560 mm,401 L,401 L,10.8 s
KIA Niro Hybride1.6 L SX,149 980 DT TTC,SUV,5 ans,5,5,4,Essence | Hybride,5 CV,141 CH,265 nm 1000 tr/min,1580 CM³,Automatique,6,Traction,1825 mm,1560 mm,401 L,401 L,10.8 s
KIA Sportage1.6 l T-GDI 7-DCT EX,140 980 DT TTC,SUV,5 ans,5,5,4,Essence,10 CV,180 CH,265 nm 1500 tr/min,1598 CM³,Automatique,7,Traction,1865 mm,1650 mm,591 L,591 L,8.8 s
KIA Sportage1.6 l T-GDI 7-DCT SX,152 980 DT TTC,SUV,5 ans,5,5,4,Essence,10 CV,180 CH,265 nm 1500 tr/min,1598 CM³,Automatique,7,Traction,1865 mm,1650 mm,591 L,591 L,8.8 s
KIA Sportage Hybride1.6 l T-GDI 4x2 GT-Line,174 980 DT TTC,SUV,5 ans,5,5,4,Essence | Hybride,10 CV,230 CH,350 nm 1500 tr/min,1598 CM³,Automatique,6,Traction,1865 mm,1645 mm,587 L,587 L,8 s
KIA Sportage Hybride1.6 l T-GDI 4x4 GT-Line,189 980 DT TTC,SUV,5 ans,5,5,4,Essence | Hybride,10 CV,230 CH,350 nm 1500 tr/min,1598 CM³,Automatique,6,Intégrale,1865 mm,1645 mm,587 L,587 L,8.3 s
KIA EV6Standard Range GT-Line,199 980 DT TTC,SUV,5 ans | Batterie garantie 8 ans,5,5,1,Electrique,9 CV,170 CH,58 kWh,350 nm 0 tr/min,Automatique,Propulsion,4695 mm,1550 mm,480 L,52 L,52 L,8.5 s
KIA EV6Long Range GT-Line,219 980 DT TTC,SUV,5 ans | Batterie garantie 8 ans,5,5,1,Electrique,13 CV,229 CH,77.4 kWh,350 nm 0 tr/min,Automatique,Propulsion,4695 mm,1550 mm,480 L,52 L,52 L,7.3 s
KIA EV6Dual Power 4WD GT-Line,239 980 DT TTC,SUV,5 ans | Batterie garantie 8 ans,5,5,2,Electrique,21 CV,325 CH,77.4 kWh,605 nm 0 tr/min,Automatique,Intégrale,4695 mm,1550 mm,480 L,20 L,20 L,5.2 s
KIA EV6 GTAWD,262 980 DT TTC,SUV,5 ans | Batterie garantie 8 ans,5,5,2,Electrique,11 CV,585 CH,77.4 kWh,740 nm 0 tr/min,Automatique,Intégrale,eLSD,1890 mm,1545 mm,480 L,480 L,20 L
Land Rover Range Rover Evoque2.0 l D163 Dynamic SE,340 000 DT TTC,SUV,5 ans,5,5,4,Diesel,9 CV,163 CH,380 nm 1750 tr/min,1999 CM³,Automatique,9,Intégrale,1904 mm,1649 mm,591 L,591 L,10.5 s
Land Rover Range Rover Evoque2.0 l P200 Dynamic SE,341 700 DT TTC,SUV,5 ans,5,5,4,Essence,12 CV,200 CH,320 nm 1300 tr/min,1997 CM³,Automatique,9,Intégrale,1904 mm,1649 mm,591 L,591 L,8.5 s
Land Rover Defender 902.0 L P300 X-DYNAMIX SE,398 000 DT TTC,SUV,5 ans,5,3,4,Essence,21 CV,300 CH,400 nm 1500 tr/min,1997 CM³,Automatique,8,Intégrale,2008 mm,1974 mm,297 L,297 L,1563 L
Land Rover Defender 1103.0 L P400 S,364 200 DT TTC,SUV,5 ans,5,5,4,Essence | Hybride léger,29 CV,400 CH,550 nm 2000 tr/min,2996 CM³,Automatique,8,Intégrale,2008 mm,1972 mm,786 L,786 L,1875 L
Land Rover Defender 1102.0 L P300 SE,413 000 DT TTC,SUV,5 ans,5,5,4,Essence,21 CV,300 CH,400 nm 1500 tr/min,1997 CM³,Automatique,8,Intégrale,2010 mm,1970 mm,786 L,786 L,1875 L
Land Rover Range Rover Velar2.0 l P250 S,396 500 DT TTC,SUV,5 ans,5,5,4,Essence,15 CV,250 CH,365 nm 1200 tr/min,1998 CM³,Automatique,8,Intégrale,2041 mm,1683 mm,673 L,673 L,7.5 s
Land Rover Range Rover Sport3.0 L P400 MHEV SE,607 200 DT TTC,SUV,5 ans,5,5,6,Essence | Hybride léger,29 CV,400 CH,550 nm 2000 tr/min,2996 CM³,Automatique,8,Intégrale,2043 mm,1820 mm,489 L,489 L,5.7 s
Land Rover Range Rover Sport3.0 L P460 PHEV SE,647 000 DT TTC,SUV,5 ans,5,5,6,Essence | Hybride rechargeable,25 CV,460 CH,660 nm 2000 tr/min,2997 CM³,Automatique,8,Intégrale,2047 mm,1820 mm,647 L,647 L,5.5 s
Land Rover Range Rover3.0 L P400 MHEV SE,702 500 DT TTC,SUV,5 ans,5,5,6,Essence | Hybride léger,24 CV,400 CH,550 nm 2000 tr/min,2997 CM³,Automatique,8,Intégrale,2047 mm,1870 mm,818 L,818 L,1841 L
Land Rover Range Rover3.0 L P460 PHEV SE,723 000 DT TTC,SUV,5 ans,5,5,6,Essence | Hybride rechargeable,16 CV,460 CH,660 nm 2000 tr/min,2997 CM³,Automatique,8,Intégrale,2047 mm,1870 mm,818 L,818 L,1841 L
Land Rover Range Rover4.4 V8 P530 HSE,1 054 000 DT TTC,SUV,5 ans,5,5,8,Essence,43 CV,530 CH,750 nm 1800 tr/min,4395 CM³,Automatique,8,Intégrale,2047 mm,1870 mm,818 L,818 L,1841 L
Mahindra KUV 1001.2 l K8,43 960 DT TTC,SUV,3 ans,5,5,3,Essence,5 CV,82 CH,115 nm 3500 tr/min,1198 CM³,Manuelle,5,Traction,1735 mm,1655 mm,243 L,243 L,14.5 s
Mahindra XUV 3001.2 L W6,58 065 DT TTC,SUV,5 ans,5,5,3,Essence,6 CV,110 CH,200 nm 2000 tr/min,1197 CM³,Manuelle,6,Traction,1821 mm,1627 mm,259 L,259 L,11.5 s
Mahindra XUV 3001.2 L W8,63 065 DT TTC,SUV,5 ans,5,5,3,Essence,6 CV,110 CH,200 nm 2000 tr/min,1197 CM³,Manuelle,6,Traction,1821 mm,1627 mm,259 L,259 L,11.5 s
Mahindra XUV 3001.2 L W8.0,69 065 DT TTC,SUV,5 ans,5,5,3,Essence,6 CV,110 CH,200 nm 2000 tr/min,1197 CM³,Manuelle,6,Traction,1821 mm,1627 mm,259 L,259 L,11.5 s
Mahindra Pick-up SC2.2 l Diesel 4x2 Plateau Simple,60 916 DT TTC,Pick up,5 ans ou 100000 km,2,2,4,Diesel,7 CV,140 CH,N.C nm N.C tr/min,2179 CM³,Manuelle,6,Propulsion,N.C,N.C,1250 KG,1250 KG,N.C
Mahindra Pick-up DC2.2 l Diesel 4x2,69 046 DT TTC,Pick up,5 ans,5,4,4,Diesel,7 CV,140 CH,N.C nm N.C tr/min,2179 CM³,Manuelle,6,Propulsion,N.C,N.C,1180 KG,1180 KG,N.C
Mahindra Pick-up DC2.2 l Diesel 4x4,78 046 DT TTC,Pick up,5 ans,5,4,4,Diesel,7 CV,140 CH,N.C nm N.C tr/min,2179 CM³,Manuelle,6,Intégrale,N.C,N.C,1070 KG,1070 KG,N.C
Mercedes-Benz Classe A200 Progressive,159 000 DT TTC,2 ans,Compacte,5,5,4,Essence,9 CV,163 CH,270 nm 1620 tr/min,1332 CM³,Automatique,7,Traction,1907 mm,1423 mm,370 L,370 L,8.2 s
Mercedes-Benz Classe A200 Premium,172 000 DT TTC,2 ans,Compacte,5,5,4,Essence,9 CV,163 CH,270 nm 1620 tr/min,1332 CM³,Automatique,7,Traction,1907 mm,1423 mm,370 L,370 L,8.2 s
Mercedes-Benz Classe A200 AMG,184 000 DT TTC,2 ans,Compacte,5,5,4,Essence,9 CV,163 CH,270 nm 1620 tr/min,1332 CM³,Automatique,7,Traction,1907 mm,1423 mm,370 L,370 L,8.2 s
Mercedes-Benz Classe A Berline200 Progressive,160 000 DT TTC,2 ans,Berline,5,5,4,Essence,9 CV,163 CH,270 nm 1620 tr/min,1332 CM³,Automatique,7,Traction,1800 mm,1430 mm,405 L,405 L,8.2 s
Mercedes-Benz Classe A Berline200 Premium,172 000 DT TTC,2 ans,Berline,5,5,4,Essence,9 CV,163 CH,270 nm 1620 tr/min,1332 CM³,Automatique,7,Traction,1800 mm,1430 mm,405 L,405 L,8.2 s
Mercedes-Benz Classe A Berline200 AMG,185 000 DT TTC,2 ans,Berline,5,5,4,Essence,9 CV,163 CH,270 nm 1620 tr/min,1332 CM³,Automatique,7,Traction,1800 mm,1430 mm,405 L,405 L,8.2 s
Mercedes-Benz CLA200 Progressive,191 000 DT TTC,2 ans,Berline,5,4,4,Essence,9 CV,163 CH,270 nm 2000 tr/min,1332 CM³,Automatique,7,Traction,1830 mm,1427 mm,440 L,440 L,8.4 s
Mercedes-Benz CLA200 AMG,218 000 DT TTC,2 ans,Berline,5,4,4,Essence,9 CV,163 CH,270 nm 2000 tr/min,1332 CM³,Automatique,7,Traction,1830 mm,1427 mm,440 L,440 L,8.4 s
Mercedes-Benz Classe C180 Avantgarde,223 000 DT TTC,2 ans,Berline,5,4,4,Essence | Hybride léger,9 CV,170 CH,23 CH,250 nm 1800 tr/min,200 nm,1496 CM³,Automatique,Propulsion,4751 mm,1820 mm,1820 mm,1437 mm
Mercedes-Benz Classe C180 Premium,257 000 DT TTC,2 ans,Berline,5,4,4,Essence | Hybride léger,9 CV,170 CH,23 CH,250 nm 1800 tr/min,200 nm,1496 CM³,Automatique,Propulsion,4751 mm,1820 mm,1820 mm,1437 mm
Mercedes-Benz Classe C180 AMG,261 000 DT TTC,2 ans,Berline,5,4,4,Essence | Hybride léger,9 CV,170 CH,23 CH,250 nm 1800 tr/min,200 nm,1496 CM³,Automatique,Propulsion,4751 mm,1820 mm,1820 mm,1437 mm
Mercedes-Benz Classe C180 AMG +,278 000 DT TTC,2 ans,Berline,5,4,4,Essence | Hybride léger,9 CV,170 CH,23 CH,250 nm 1800 tr/min,200 nm,1496 CM³,Automatique,Propulsion,4751 mm,1820 mm,1820 mm,1437 mm
Mercedes-Benz CLE Coupé200 AMG +,302 000 DT TTC,2 ans,Coupé,4,2,4,Essence | Hybride léger,12 CV,204 CH,23 CH,320 nm 1800 tr/min,1999 CM³,Automatique,9,4850 mm,1861 mm,1423 mm,1423 mm,420 L
Mercedes-Benz Classe E200 Business,269 000 DT TTC,2 ans,Berline,5,4,4,Essence | Hybride léger,12 CV,204 CH,23 CH,320 nm 2000 tr/min,1999 CM³,Automatique,9,4949 mm,1880 mm,1468 mm,1468 mm,540 L
Mercedes-Benz Classe E200 Avantgarde,298 000 DT TTC,2 ans,Berline,5,4,4,Essence | Hybride léger,12 CV,204 CH,23 CH,320 nm 2000 tr/min,1999 CM³,Automatique,9,4949 mm,1880 mm,1468 mm,1468 mm,540 L
Mercedes-Benz Classe E200 Exclusive,303 000 DT TTC,2 ans,Berline,5,4,4,Essence | Hybride léger,12 CV,204 CH,23 CH,320 nm 2000 tr/min,1999 CM³,Automatique,9,4949 mm,1880 mm,1468 mm,1468 mm,540 L
Mercedes-Benz Classe E200 AMG,333 000 DT TTC,2 ans,Berline,5,4,4,Essence | Hybride léger,12 CV,204 CH,23 CH,320 nm 2000 tr/min,1999 CM³,Automatique,9,4949 mm,1880 mm,1468 mm,1468 mm,540 L
Mercedes-Benz Classe S450 4Matic Limousine,699 000 DT TTC,2 ans,Berline,5,4,6,Essence | Hybride léger,27 CV,381 CH,500 nm 1600 tr/min,2999 CM³,Automatique,9,Intégrale,2109 mm,1503 mm,550 L,550 L,5 s
Mercedes-Benz GLA200 Progressive,203 000 DT TTC,2 ans,SUV,5,5,4,Essence,9 CV,163 CH,200 nm 1460 tr/min,1332 CM³,Automatique,7,Traction,2020 mm,1616 mm,435 L,435 L,9.6 s
Mercedes-Benz GLA200 AMG,221 000 DT TTC,2 ans,SUV,5,5,4,Essence,9 CV,163 CH,200 nm 1460 tr/min,1332 CM³,Automatique,7,Traction,2020 mm,1616 mm,435 L,435 L,9.6 s
Mercedes-Benz GLB200 AMG,226 000 DT TTC,2 ans,SUV,5,5,4,Essence,9 CV,163 CH,250 nm 1620 tr/min,1332 CM³,Automatique,7,Traction,1834 mm,1662 mm,570 L,570 L,9.1 s
Mercedes-Benz GLC200 4Matic Avantgarde,294 000 DT TTC,2 ans,SUV,5,5,4,Essence | Hybride léger,12 CV,204 CH,23 CH,320 nm 3000 tr/min,1999 CM³,Automatique,9,4716 mm,1890 mm,1640 mm,1640 mm,620 L
Mercedes-Benz GLC200 4Matic AMG,329 000 DT TTC,2 ans,SUV,5,5,4,Essence | Hybride léger,12 CV,204 CH,23 CH,320 nm 3000 tr/min,1999 CM³,Automatique,9,4716 mm,1890 mm,1640 mm,1640 mm,620 L
Mercedes-Benz GLC Coupé200 4Matic AMG,349 000 DT TTC,2 ans,SUV,5,5,4,Essence | Hybride léger,12 CV,204 CH,23 CH,320 nm 3000 tr/min,1999 CM³,Automatique,9,4764 mm,1890 mm,1605 mm,1605 mm,545 L
Mercedes-Benz GLE300d 4Matic AMG,568 000 DT TTC,2 ans,SUV,5,5,4,Diesel | Hybride léger,17 CV,269 CH,20 CH,550 nm 1800 tr/min,1993 CM³,Automatique,9,4924 mm,2010 mm,1797 mm,1797 mm,635 L
Mercedes-Benz GLE Coupé300d 4Matic AMG,588 000 DT TTC,2 ans,SUV,5,5,4,Diesel | Hybride léger,16 CV,269 CH,20 CH,550 nm 1800 tr/min,1993 CM³,Automatique,9,4941 mm,2018 mm,1716 mm,1716 mm,620 L
Mercedes-Benz Classe V250 d,468 000 DT TTC,2 ans,Monospace,6,3 | 2 portes latérales coulissantes,4,Diesel,12 CV,190 CH,440 nm 1350 tr/min,1950 CM³,Automatique,9,Propulsion,1928 mm,1880 mm,1410 L,1410 L,10 s
MG 31.5 L Standard,56 950 DT TTC,Citadine,3 ans,5,5,4,Essence,6 CV,110 CH,142 nm 4500 tr/min,1498 CM³,Manuelle,5,Traction,1797 mm,1502 mm,293 L,293 L,983 L
MG 31.5 L Confort,63 950 DT TTC,Citadine,3 ans,5,5,4,Essence,6 CV,110 CH,142 nm 4500 tr/min,1498 CM³,Manuelle,5,Traction,1797 mm,1502 mm,293 L,293 L,983 L
MG 31.5 L  Luxe BVA,69 950 DT TTC,Citadine,3 ans,5,5,4,Essence,6 CV,110 CH,142 nm 4500 tr/min,1498 CM³,Automatique,Traction,4113 mm,1502 mm,293 L,983 L,983 L,N.C
MG 3 Hybride1.5 L CVT,76 950 DT TTC,Citadine,5 ans ou 100000 km,5,5,4,Essence | Hybride,5 CV,195 CH,250 nm 4500 tr/min,1498 CM³,Automatique,Traction,4113 mm,1502 mm,293 L,983 L,983 L,8 s
MG 51.5 L Confort,63 950 DT TTC,Berline,3 ans ou 100.000 KM,5,4,4,Essence,6 CV,120 CH,150 nm 4500 tr/min,1498 CM³,Manuelle,5,Traction,1818 mm,1489 mm,512 L,512 L,N.C
MG 51.5 L Confort Plus,67 450 DT TTC,Berline,3 ans ou 100.000 KM,5,4,4,Essence,6 CV,120 CH,150 nm 4500 tr/min,1498 CM³,Manuelle,5,Traction,1818 mm,1489 mm,512 L,512 L,N.C
MG 51.5 L  Luxe BVA,71 950 DT TTC,Berline,3 ans ou 100.000 KM,5,4,4,Essence,7 CV,120 CH,150 nm 4500 tr/min,1498 CM³,Automatique,Traction,4601 mm,1489 mm,512 L,N.C,N.C,180 KM/H
MG GT1.5 l  Luxury BVM,80 950 DT TTC,Berline,3 ans ou 100.000 KM,5,4,4,Essence,7 CV,115 CH,150 nm 4500 tr/min,1498 CM³,Manuelle,5,Traction,1842 mm,1473 mm,401 L,401 L,10.5 s
MG GT1.5 l CVT Luxury,85 950 DT TTC,Berline,3 ans ou 100.000 KM,5,4,4,Essence,7 CV,115 CH,150 nm 4500 tr/min,1498 CM³,Automatique,Traction,4675 mm,1473 mm,401 L,10.5 s,10.5 s,185 KM/H
MG GT1.5 T Sport 7DCT,95 450 DT TTC,Berline,3 ans ou 100.000 KM,5,4,4,Essence,9 CV,160 CH,250 nm 1700 tr/min,1498 CM³,Automatique,7,Traction,1842 mm,1473 mm,401 L,401 L,8.5 s
MG ZS1.5 L Luxury,80 950 DT TTC,SUV,5 ans,5,5,4,Essence,7 CV,115 CH,141 nm 4500 tr/min,1498 CM³,Manuelle,5,Traction,1809 mm,1653 mm,483 L,483 L,1187 L
MG ZS1.5 L  Luxury BVA,86 950 DT TTC,SUV,5 ans,5,5,4,Essence,7 CV,115 CH,141 nm 4500 tr/min,1498 CM³,Automatique,8,Traction,1809 mm,1653 mm,483 L,483 L,1187 L
MG ZS1.3 T  Trophy BVA,95 950 DT TTC,SUV,5 ans,5,5,3,Essence,9 CV,160 CH,230 nm 1800 tr/min,1349 CM³,Automatique,6,Traction,1809 mm,1653 mm,483 L,483 L,1187 L
MG 464 kWh Luxury+,99 950 DT TTC,Berline,7 ans ou 150.000 km,5,5,1,Electrique,5 CV,205 CH,64 kWh,250 nm 0 tr/min,Propulsion,4287 mm,1836 mm,350 L,1165 L,7.9 s,7.9 s,160 KM/H
MG One1.5 L  Luxury+ BVA,103 950 DT TTC,SUV,5 ans ou 100000 km,5,5,4,Essence,10 CV,180 CH,285 nm 1500 tr/min,1490 CM³,Automatique,8,Traction,1871 mm,1617 mm,336 L,336 L,1120 L
MG RX51.5 L  Performance BVA,113 950 DT TTC,SUV,5 ans ou 100000 km,5,5,4,Essence,10 CV,180 CH,275 nm 1500 tr/min,1490 CM³,Automatique,7,Traction,1855 mm,1719 mm,430 L,430 L,1639 L
MG e-ZSElectrique,116 950 DT TTC,SUV,7 ans ou 150.000 km,5,5,1,Electrique,9 CV,177 CH,50.3 kWh,280 nm 0 tr/min,Automatique,Traction,4323 mm,1649 mm,448 L,1166 L,1166 L,8.6 s
MG e-HS1.5 l hybride rechargeable Luxury Plus,144 950 DT TTC,SUV,5 ans,5,5,4,Essence | Hybride rechargeable,9 CV,258 CH,123 CH,370 nm 1700 tr/min,1490 CM³,Automatique,7,4574 mm,1876 mm,1664 mm,1664 mm,463 L
MG Marvel R70 kWh Luxury+,149 950 DT TTC,SUV,7 ans ou 150.000 km,5,5,2,Electrique,5 CV,180 CH,70 kWh,410 nm 0 tr/min,Automatique,2,Propulsion,1919 mm,1618 mm,357 L,357 L,1396 L
MG RX82.0 T AWD Luxe Plus,174 950 DT TTC,SUV,5 ans,7,5,4,Essence,16 CV,220 CH,360 nm 4000 tr/min,1995 CM³,Automatique,6,Intégrale,4923 mm,1930 mm,1810 mm,1810 mm,9.1 s
Mini 3 portes1.5 l John Cooper Works,198 900 DT TTC,Citadine,2 ans,5,3,3,Essence,9 CV,156 CH,240 nm 1400 tr/min,1499 CM³,Automatique,6,Traction,1727 mm,1414 mm,211 L,211 L,10.3 s
Mini Countryman1.5 L  Classic BVA,159 000 DT TTC,SUV,5 ans (2+3),5,5,3,Essence,9 CV,156 CH,240 nm 1400 tr/min,1499 CM³,Automatique,7,Traction,2069 mm,1656 mm,450 L,450 L,8.3 s
Mini Countryman1.5 L  Favoured BVA,195 900 DT TTC,SUV,5 ans (2+3),5,5,3,Essence,9 CV,156 CH,240 nm 1400 tr/min,1499 CM³,Automatique,7,Traction,2069 mm,1656 mm,450 L,450 L,8.3 s
Mini Countryman1.5 L  John Cooper Works BVA,215 000 DT TTC,SUV,5 ans (2+3),5,5,3,Essence,9 CV,156 CH,240 nm 1400 tr/min,1499 CM³,Automatique,7,Traction,2069 mm,1656 mm,450 L,450 L,8.3 s
Mitsubishi Attrage Populaire1.2 L  GLX BVM,34 662 DT TTC,Berline,3 ans,,5,4,3,Essence,4 CV,78 CH,100 nm 4000 tr/min,1193 CMÂ³,Manuelle,5,4245 mm,1670 mm,1515 mm,1515 mm,450 L
Mitsubishi Eclipse Cross1.5 T-MIVEC CVT,107 000 DT TTC,SUV,3 ans ou 100.000 KM,5,5,4,Essence,8 CV,150 CH,250 nm 2400 tr/min,1499 CM³,Automatique,Traction,4405 mm,1674 mm,378 L,9.7 s,9.7 s,200 KM/H
Mitsubishi ASX2.0 L   BVA,131 700 DT TTC,SUV,3 ans,5,5,4,Essence,9 CV,150 CH,197 nm 4200 tr/min,1998 CM³,Automatique,6,Intégrale,1770 mm,1620 mm,442 L,442 L,11.4 s
Mitsubishi L200 Double Cabine2.5 L DiD GL,155 000 DT TTC,3 ans ou 100.000 KM,Pick up,5,4,4,Diesel,8 CV,110 CH,200 nm 3500 tr/min,2477 CM³,Manuelle,5,Intégrale,1815 mm,1775 mm,1000 KG,1000 KG,15 s
Mitsubishi Pajero2.8 l,196 500 DT TTC,SUV,3 ans,7,5,4,Diesel,11 CV,125 CH,292 nm 2000 tr/min,2835 CM³,Manuelle,5,Intégrale,4900 mm,1875 mm,1870 mm,1870 mm,663 L
Mitsubishi Pajero Sport2.4 l DiD Business,243 567 DT TTC,SUV,3 ans,7,5,4,Diesel,11 CV,181 CH,430 nm 3500 tr/min,2442 CM³,Manuelle,5,Intégrale,4825 mm,1815 mm,1800 mm,1800 mm,971 L
Mitsubishi Pajero Sport2.4 l DiD  Premium BVA,267 770 DT TTC,SUV,3 ans,7,5,4,Diesel,11 CV,181 CH,430 nm 3500 tr/min,2442 CM³,Automatique,Intégrale,,1815 mm,1800 mm,971 L,971 L,11.4 s
Nissan Juke1.0 L DIG-T Tekna,87 500 DT TTC,2 ans,SUV,5,5,3,Essence,6 CV,117 CH,200 nm 1750 tr/min,999 CM³,Manuelle,6,Traction,1800 mm,1595 mm,422 L,422 L,10.4 s
Nissan Juke1.0 L DIG-T DCT Tekna,94 500 DT TTC,2 ans,SUV,5,5,3,Essence,6 CV,117 CH,200 nm 1750 tr/min,999 CM³,Automatique,7,Traction,1800 mm,1595 mm,422 L,422 L,10.4 s
Nissan Juke1.0 L DIG-T DCT Tekna Perso,95 500 DT TTC,2 ans,SUV,5,5,3,Essence,6 CV,117 CH,200 nm 1750 tr/min,999 CM³,Automatique,7,Traction,1800 mm,1595 mm,422 L,422 L,10.4 s
Nissan Qashqai1.3 L N-connecta,143 500 DT TTC,2 ans,SUV,5,5,4,Essence,8 CV,150 CH,250 nm 2800 tr/min,1332 CM³,Automatique,Traction,4425 mm,1625 mm,504 L,8.9 s,8.9 s,199 KM/H
Nissan Qashqai1.3 L Tekna,144 500 DT TTC,2 ans,SUV,5,5,4,Essence,8 CV,150 CH,250 nm 2800 tr/min,1332 CM³,Automatique,Traction,4425 mm,1625 mm,504 L,8.9 s,8.9 s,199 KM/H
Nissan Qashqai1.3 L Tekna High,148 500 DT TTC,2 ans,SUV,5,5,4,Essence,8 CV,150 CH,250 nm 2800 tr/min,1332 CM³,Automatique,Traction,4425 mm,1625 mm,504 L,8.9 s,8.9 s,199 KM/H
Nissan Qashqai e-Power1.5 L N-Connecta,155 900 DT TTC,2 ans,SUV,5,5,3,Essence | Hybride,8 CV,190 CH,158 CH,330 nm 0 tr/min,1497 CM³,Automatique,1,4425 mm,1835 mm,1625 mm,1625 mm,504 L
Opel Corsa1.2 Turbo Edition,71 900 DT TTC,Citadine,3 ans ou 100.000 KM,5,5,3,Essence,6 CV,100 CH,205 nm 2750 tr/min,1199 CM³,Manuelle,6,Traction,1765 mm,1433 mm,309 L,309 L,9.9 s
Opel Corsa1.2 Turbo GS Line,76 900 DT TTC,Citadine,3 ans ou 100.000 KM,5,5,3,Essence,6 CV,100 CH,205 nm 2750 tr/min,1199 CM³,Manuelle,6,Traction,1765 mm,1433 mm,309 L,309 L,9.9 s
Opel Crossland1.2 L 110 ch AT6 Edition,79 900 DT TTC,SUV,3 ans ou 100.000 KM,5,5,3,Essence,6 CV,110 CH,205 nm 1500 tr/min,1199 CM³,Automatique,6,Traction,1765 mm,1605 mm,10.9 s,10.9 s,187 KM/H
Opel Crossland1.2 L 110 ch AT6 Elegance,89 900 DT TTC,SUV,3 ans ou 100.000 KM,5,5,3,Essence,6 CV,110 CH,205 nm 1500 tr/min,1199 CM³,Automatique,6,Traction,1765 mm,1605 mm,10.9 s,10.9 s,187 KM/H
Opel Mokka1.2 L Turbo 130 ch AT8 GS,105 900 DT TTC,SUV,3 ans ou 100.000 KM,5,5,3,Essence,7 CV,130 CH,230 nm 1750 tr/min,1199 CM³,Automatique,8,Traction,1791 mm,1531 mm,350 L,350 L,9.1 s
Opel Astra1.2 L Elegance,105 900 DT TTC,Compacte,3 ans ou 100.000 KM,5,5,3,Essence,7 CV,130 CH,230 nm 1750 tr/min,1199 CM³,Automatique,8,Traction,1860 mm,1470 mm,422 L,422 L,9.7 s
Opel Astra1.2 L GS,112 900 DT TTC,Compacte,3 ans ou 100.000 KM,5,5,3,Essence,7 CV,130 CH,230 nm 1750 tr/min,1199 CM³,Automatique,8,Traction,1860 mm,1470 mm,422 L,422 L,9.7 s
Opel Combo CargoXL 1.6 L Diesel L2H1 1000 kg Business Edition,66 900 DT TTC,3 ans ou 100.000 KM,Utilitaire,2,3 | 1 porte latérale coulissante | 2 portes arrières battantes tolées,4,Diesel,5 CV,92 CH,230 nm 1750 tr/min,1560 CM³,Manuelle,5,Traction,1921 mm,1815 mm,1000 KG,1000 KG,3.9 m³
Opel Combo Cargo1.6 L Diesel Confort L1H1 650 kg,67 490 DT TTC,3 ans ou 100.000 KM,Utilitaire,2,3 | 1 porte latérale coulissante | 2 portes arrières battantes tolées,4,Diesel,5 CV,92 CH,230 nm 1750 tr/min,1560 CM³,Manuelle,5,Traction,1921 mm,1796 mm,650 KG,650 KG,3.3 m³
Opel Combo CargoXL 1.6 L Diesel Confort L2H1 1000 kg,69 900 DT TTC,3 ans ou 100.000 KM,Utilitaire,2,3 | 1 porte latérale coulissante | 2 portes arrières battantes tolées,4,Diesel,5 CV,92 CH,230 nm 1750 tr/min,1560 CM³,Manuelle,5,Traction,1921 mm,1815 mm,1000 KG,1000 KG,3.9 m³
Peugeot 2081.2 L Active,64 490 DT TTC,Citadine,3 ans,5,5,3,Essence,4 CV,75 CH,118 nm 2750 tr/min,1199 CM³,Manuelle,5,Traction,1745 mm,1430 mm,352 L,352 L,13.2 s
Peugeot 20081.2 L Puretech 130  Active BVA,97 900 DT TTC,SUV,3 ans,5,5,3,Essence,7 CV,130 CH,230 nm 1750 tr/min,1199 CM³,Automatique,6,Traction,1550 mm,1550 mm,434 L,434 L,9.1 s
Peugeot 20081.2 L Puretech 130  Allure BVA,104 900 DT TTC,SUV,3 ans,5,5,3,Essence,7 CV,130 CH,230 nm 1750 tr/min,1199 CM³,Automatique,6,Traction,1550 mm,1550 mm,434 L,434 L,9.1 s
Peugeot 3081.2 L Puretech 130 ch  Allure EAT8,105 900 DT TTC,Compacte,5 ans,5,5,3,Essence,7 CV,130 CH,230 nm 1750 tr/min,1199 CM³,Automatique,8,Traction,1850 mm,1440 mm,412 L,412 L,9.7 s
Peugeot 308 GT1.2 L Puretech 130 ch   BVA,120 900 DT TTC,Compacte,5 ans,5,5,3,Essence,7 CV,130 CH,230 nm 1750 tr/min,1199 CM³,Automatique,8,Traction,1850 mm,1440 mm,412 L,412 L,9.7 s
Peugeot 30081.6 L   Allure BVA,149 900 DT TTC,SUV,3 ans,5,5,4,Essence,9 CV,165 CH,240 nm 1400 tr/min,1598 CM³,Automatique,6,Traction,1841 mm,1620 mm,520 L,520 L,8.9 s
Peugeot 3008 GT1.6L   BVA,169 900 DT TTC,SUV,3 ans,5,5,4,Essence,9 CV,165 CH,240 nm 1400 tr/min,1598 CM³,Automatique,6,Traction,1841 mm,1620 mm,520 L,520 L,8.9 s
Peugeot 4081.6 L  Allure EAT8,148 900 DT TTC,Berline,3 ans,5,4,4,Essence,13 CV,215 CH,300 nm 2000 tr/min,1598 CM³,Automatique,8,Traction,1848 mm,1480 mm,536 L,536 L,8.9 s
Peugeot 4081.6 L  Allure Pack EAT8,149 900 DT TTC,Berline,3 ans,5,4,4,Essence,13 CV,215 CH,300 nm 2000 tr/min,1598 CM³,Automatique,8,Traction,1848 mm,1480 mm,536 L,536 L,8.9 s
Peugeot 408 GT1.6 L   EAT8,160 900 DT TTC,Berline,3 ans,5,4,4,Essence,13 CV,215 CH,300 nm 2000 tr/min,1598 CM³,Automatique,8,Traction,1848 mm,1480 mm,536 L,536 L,8.9 s
Peugeot 5008 GT1.6L THP 163CH   BVA,186 900 DT TTC,SUV,3 ans,7,5,4,Essence,9 CV,163 CH,240 nm 1400 tr/min,1598 CM³,Automatique,6,Traction,1906 mm,1646 mm,780 L,780 L,8.9 s
Peugeot Rifter1.6 L HDI 90ch Active Pack,100 900 DT TTC,3 ans,Monospace,5,5 | 2 portes latérales coulissantes,4,Diesel,5 CV,90 CH,230 nm 1500 tr/min,1560 CM³,Manuelle,5,Traction,1848 mm,1878 mm,775 L,775 L,15.9 s
Peugeot Expert Combi2.0 L HDI 9 places,151 900 DT TTC,3 ans,Monospace,9,5 | 1 porte latérale coulissante,4,Diesel,8 CV,150 CH,370 nm 2000 tr/min,1997 CM³,Manuelle,6,Traction,1920 mm,1890 mm,N.C,N.C,10.3 s
Peugeot traveller2.0 L HDI 9 places,171 900 DT TTC,3 ans,Monospace,9,5 | 1 porte latérale coulissante,4,Diesel,8 CV,150 CH,370 nm 2000 tr/min,1997 CM³,Manuelle,5,Traction,1920 mm,1890 mm,507 L,507 L,11 s
Peugeot Partner1.6 L HDI 650 Kg,67 490 DT TTC,3 ans,Utilitaire,2,3 | 1 porte latérale coulissante | 2 portes arrières battantes tolées,4,Diesel,5 CV,92 CH,215 nm 1750 tr/min,1560 CM³,Manuelle,5,Traction,1848 mm,1825 mm,650 KG,650 KG,3.3 m³
Peugeot Partner1.6 L HDI 1000 Kg,68 490 DT TTC,3 ans,Utilitaire,2,3 | 1 porte latérale coulissante | 2 portes arrières battantes tolées,4,Diesel,5 CV,92 CH,215 nm 1750 tr/min,1560 CM³,Manuelle,5,Traction,1848 mm,1825 mm,1000 KG,1000 KG,3.3 m³
Peugeot Expert2.0 L HDI,84 900 DT TTC,3 ans,Utilitaire,3,5 | 1 porte latérale coulissante | 2 portes arrières battantes tolées,4,Diesel,9 CV,150 CH,370 nm 2000 tr/min,1997 CM³,Manuelle,6,Traction,1920 mm,1935 mm,1000 KG,1000 KG,5.3 m³
Peugeot Boxer335 L1H1 Fourgon,89 900 DT TTC,3 ans,Utilitaire,3,4 | 1 porte latérale coulissante | 2 portes arrières battantes tolées,4,Diesel,7 CV,140 CH,340 nm 1750 tr/min,2179 CM³,Manuelle,6,Traction,N.C,N.C,N.C,N.C,8 m³
Peugeot Boxer335 L2H2 Fourgon,91 900 DT TTC,3 ans,Utilitaire,3,4 | 1 porte latérale coulissante | 2 portes arrières battantes tolées,4,Diesel,7 CV,140 CH,340 nm 1750 tr/min,2179 CM³,Manuelle,6,Traction,N.C,N.C,N.C,N.C,11 m³
Peugeot Boxer335 L3H2 Fourgon,93 900 DT TTC,3 ans,Utilitaire,3,4 | 1 porte latérale coulissante | 2 portes arrières battantes tolées,4,Diesel,7 CV,140 CH,340 nm 1750 tr/min,2179 CM³,Manuelle,6,Traction,N.C,N.C,N.C,N.C,13 m³
Peugeot Boxer Double CabinePlateau 350 L2,109 900 DT TTC,3 ans,Utilitaire,7,4 | 1 porte latérale coulissante | 2 portes arrières battantes vitrées,4,Diesel,7 CV,140 CH,340 nm 1750 tr/min,2179 CM³,Manuelle,5,Traction,N.C,N.C,N.C,N.C,N.C
Peugeot Landtrek Simple Cabine1.9 L Diesel 4x2 Benne tôle pliée,75 490 DT TTC,2 ans,Pick up,2,2,4,Diesel,6 CV,150 CH,350 nm 1800 tr/min,1910 CM³,Manuelle,6,Propulsion,1963 mm,1829 mm,1000 KG,1000 KG,14.9 s
Peugeot Landtrek Simple Cabine1.9 L Diesel 4x2,79 490 DT TTC,2 ans,Pick up,2,2,4,Diesel,6 CV,150 CH,350 nm 1800 tr/min,1910 CM³,Manuelle,6,Propulsion,1963 mm,1829 mm,1000 KG,1000 KG,14.9 s
Peugeot Landtrek Double Cabine1.9 L Diesel 4x2,92 990 DT TTC,2 ans,Pick up,5,4,4,Diesel,6 CV,150 CH,350 nm 1800 tr/min,1910 CM³,Manuelle,6,Propulsion,1963 mm,1897 mm,1000 KG,1000 KG,14.9 s
Peugeot Landtrek Double Cabine1.9 L Diesel 4x4,102 990 DT TTC,2 ans,Pick up,5,4,4,Diesel,6 CV,150 CH,350 nm 1800 tr/min,1910 CM³,Manuelle,6,Intégrale,5330 mm,1963 mm,1897 mm,1897 mm,900 KG
Peugeot Landtrek Double Cabine1.9 L Diesel 4x4 U,106 990 DT TTC,2 ans,Pick up,5,4,4,Diesel,6 CV,150 CH,350 nm 1800 tr/min,1910 CM³,Manuelle,6,Intégrale,5330 mm,1963 mm,1897 mm,1897 mm,900 KG
Porsche Macan2.0 l 265 ch PDK,424 000 DT TTC,2 ans,SUV,5,5,4,Essence,17 CV,265 CH,400 nm 1800 tr/min,1984 CM³,Automatique,7,Intégrale,1922 mm,1621 mm,458 L,458 L,6.4 s
Porsche Cayenne3.0 l V6 E-Hybrid,600 000 DT TTC,SUV,3 ans,5,5,6,Essence | Hybride rechargeable,20 CV,304 CH,176 CH,420 nm 1400 tr/min,460 nm,2995 CM³,Automatique,Intégrale,4930 mm,1983 mm,1983 mm,1696 mm
Porsche Cayenne Coupé3.0 V6 E-Hybrid,615 000 DT TTC,SUV,3 ans,5,5,6,Essence | Hybride rechargeable,20 CV,304 CH,176 CH,420 nm 1340 tr/min,460 nm,2995 CM³,Automatique,Intégrale,4930 mm,1983 mm,1983 mm,1674 mm
Porsche Taycan2S,463 000 DT TTC,Berline,3 ans,5,4,1,Electrique,16 CV,408 CH,79.2 kWh,357 nm 0 tr/min,Automatique,2,Propulsion,1966 mm,1395 mm,407 L,407 L,5.4 s
Porsche Taycan Cross Turismo4,540 000 DT TTC,Berline,3 ans,5,5,1,Electrique,16 CV,380 CH,476 CH,93.4 kWh,500 nm 0 tr/min,Automatique,2,4963 mm,1966 mm,1395 mm,1395 mm,446 L
Porsche 911Carrera,845 000 DT TTC,Coupé,3 ans,4,2,6,Essence,26 CV,385 CH,450 nm 1950 tr/min,2981 CM³,Automatique,8,Propulsion,1852 mm,1298 mm,132 L,132 L,4 s
Renault Clio1.0 L TCe 100 Evolution,64 950 DT TTC,Citadine,2 ans ou 100.000 km,5,5,3,Essence,6 CV,100 CH,160 nm 2000 tr/min,999 CM³,Manuelle,5,Traction,1728 mm,1437 mm,391 L,391 L,11.8 s
Renault Megane1.3 L TCE 140,94 950 DT TTC,Compacte,2 ans ou 100.000 km,5,5,4,Essence,8 CV,140 CH,260 nm 1750 tr/min,1332 CM³,Manuelle,6,Traction,1814 mm,1438 mm,402 L,402 L,8.2 s
Renault Megane Sedan1.3 L TCE 140,101 650 DT TTC,Berline,2 ans ou 100.000 km,5,4,4,Essence,8 CV,140 CH,260 nm 1750 tr/min,1332 CM³,Manuelle,6,Traction,1814 mm,1434 mm,503 L,503 L,8.2 s
Renault Megane Sedan1.3 L TCE 140   BVA,109 950 DT TTC,Berline,2 ans ou 100.000 km,5,4,4,Essence,8 CV,140 CH,240 nm 1750 tr/min,1332 CM³,Automatique,7,Traction,1814 mm,1434 mm,503 L,503 L,8.8 s
Renault Austral1.3 L,134 900 DT TTC,SUV,2 ans ou 100.000 km,5,5,4,Essence,8 CV,150 CH,250 nm 2800 tr/min,1332 CM³,Automatique,7,Traction,1830 mm,1620 mm,575 L,575 L,8.9 s
Renault Express Van1.5 L dCi,57 550 DT TTC,Utilitaire,2 ans ou 100.000 km,2,4 | 1 porte latérale coulissante | 2 portes arrières battantes tolées,4,Diesel,5 CV,95 CH,240 nm 1750 tr/min,1461 CM³,Manuelle,6,Traction,1751 mm,1842 mm,750 KG,750 KG,3.3 m³
Renault Express Combi1.5 L dCi,88 900 DT TTC,Monospace,2 ans ou 100.000 km,5,5 | 2 portes latérales coulissantes,4,Diesel,5 CV,95 CH,240 nm 1750 tr/min,1461 CM³,Manuelle,6,Traction,1751 mm,1842 mm,800 L,800 L,13 s
Renault Master2.3 L 8m3,84 900 DT TTC,2 ans ou 100.000 km,3,2 | 1 porte latérale coulissante | 2 portes arrières battantes tolées,4,Diesel,8 CV,125 CH,310 nm 1250 tr/min,2298 CM³,Manuelle,6,Traction,5048 mm,2287 mm,8 m³,9.7 s,9.7 s,196 KM/H
Renault Master2.3 L 10.8 m3,87 950 DT TTC,2 ans ou 100.000 km,3,2 | 1 porte latérale coulissante | 2 portes arrières battantes tolées,4,Diesel,8 CV,125 CH,310 nm 1250 tr/min,2298 CM³,Manuelle,6,Traction,5548 mm,2287 mm,10.8 m³,9.7 s,9.7 s,196 KM/H
Renault Master2.3 L 13 m3,89 950 DT TTC,2 ans ou 100.000 km,3,2 | 1 porte latérale coulissante | 2 portes arrières battantes tolées,4,Diesel,8 CV,125 CH,310 nm 1250 tr/min,2298 CM³,Manuelle,6,Traction,6198 mm,2475 mm,13 m³,9.7 s,9.7 s,196 KM/H
Seat Ibiza1.0 L TSI  Reference BVA,75 980 DT TTC,Citadine,3 ans,5,5,3,Essence,6 CV,115 CH,200 nm 2000 tr/min,999 CM³,Automatique,7,Traction,1780 mm,1444 mm,355 L,355 L,9.4 s
Seat Ibiza1.0 L TSI Style,75 980 DT TTC,Citadine,3 ans,5,5,3,Essence,6 CV,115 CH,200 nm 2000 tr/min,999 CM³,Manuelle,6,Traction,1780 mm,1444 mm,355 L,355 L,9.4 s
Seat Ibiza1.0 L TSI  Xcellence BVA,84 980 DT TTC,Citadine,3 ans,5,5,3,Essence,6 CV,115 CH,200 nm 2000 tr/min,999 CM³,Automatique,7,Traction,1780 mm,1444 mm,355 L,355 L,9.4 s
Seat Ibiza1.0 L TSI  FR BVA,87 980 DT TTC,Citadine,3 ans,5,5,3,Essence,6 CV,115 CH,200 nm 2000 tr/min,999 CM³,Automatique,7,Traction,4059 mm,1780 mm,1444 mm,1444 mm,355 L
Seat Arona1.0 TSI Style,87 980 DT TTC,SUV,3 ans,5,5,3,Essence,6 CV,116 CH,200 nm 2000 tr/min,999 CM³,Automatique,7,Traction,1780 mm,1537 mm,400 L,400 L,9.8 s
Seat Arona1.0 TSI Xperience,94 980 DT TTC,SUV,3 ans,5,5,3,Essence,6 CV,116 CH,200 nm 2000 tr/min,999 CM³,Automatique,7,Traction,1780 mm,1537 mm,400 L,400 L,9.8 s
Seat Arona1.0 TSI FR,97 980 DT TTC,SUV,3 ans,5,5,3,Essence,6 CV,116 CH,200 nm 2000 tr/min,999 CM³,Automatique,7,Traction,1780 mm,1537 mm,400 L,400 L,9.8 s
Seat Leon1.4 TSI Dynamic,99 980 DT TTC,Compacte,3 ans,5,5,4,Essence,8 CV,150 CH,250 nm 1400 tr/min,1395 CM³,Automatique,8,Traction,1816 mm,1444 mm,380 L,380 L,8.2 s
Seat Leon1.4 TSI FR,118 980 DT TTC,Compacte,3 ans,5,5,4,Essence,8 CV,150 CH,250 nm 1400 tr/min,1395 CM³,Automatique,8,Traction,1816 mm,1444 mm,380 L,380 L,8.2 s
Seat Ateca1.4 L TSI Style,124 980 DT TTC,SUV,3 ans,5,5,4,Essence,8 CV,150 CH,250 nm 1500 tr/min,1395 CM³,Automatique,8,Traction,1841 mm,1615 mm,510 L,510 L,8.5 s
Seat Ateca1.4 L TSI Xperience,136 980 DT TTC,SUV,3 ans,5,5,4,Essence,8 CV,150 CH,250 nm 1500 tr/min,1395 CM³,Automatique,8,Traction,1841 mm,1615 mm,510 L,510 L,8.5 s
Seat Ateca1.4 L TSI FR,139 980 DT TTC,SUV,3 ans,5,5,4,Essence,8 CV,150 CH,250 nm 1500 tr/min,1395 CM³,Automatique,8,Traction,1841 mm,1615 mm,510 L,510 L,8.5 s
Skoda Fabia1.0 L MPI Essence,66 980 DT TTC,Citadine,3 ans,5,5,3,Essence,4 CV,80 CH,93 nm 3700 tr/min,999 CM³,Manuelle,5,Traction,1780 mm,1482 mm,380 L,380 L,15.5 s
Skoda Fabia1.0 L MPI Selection,71 480 DT TTC,Citadine,3 ans,5,5,3,Essence,4 CV,80 CH,93 nm 3700 tr/min,999 CM³,Manuelle,5,Traction,1780 mm,1482 mm,380 L,380 L,15.5 s
Skoda Fabia1.0 L MPI Monte Carlo,82 480 DT TTC,Citadine,3 ans,5,5,3,Essence,4 CV,80 CH,93 nm 3700 tr/min,999 CM³,Manuelle,5,Traction,1780 mm,1482 mm,380 L,380 L,15.5 s
Skoda Kushaq1.0 TSI Ambition,76 980 DT TTC,SUV,3 ans,5,5,3,Essence,6 CV,116 CH,178 nm 1750 tr/min,999 CM³,Manuelle,6,Traction,1760 mm,1612 mm,385 L,385 L,10.8 s
Skoda Kushaq1.0 TSI  Ambition BVA,82 980 DT TTC,SUV,3 ans,5,5,3,Essence,7 CV,116 CH,178 nm 1750 tr/min,999 CM³,Automatique,6,Traction,1760 mm,1612 mm,385 L,385 L,10.8 s
Skoda Kushaq1.0 TSI  Style BVA,89 980 DT TTC,SUV,3 ans,5,5,3,Essence,7 CV,116 CH,178 nm 1750 tr/min,999 CM³,Automatique,6,Traction,1760 mm,1612 mm,385 L,385 L,10.8 s
Skoda Scala1.0 L TSI  Essence DSG,88 980 DT TTC,Compacte,3 ans,5,5,3,Essence,6 CV,116 CH,200 nm 2000 tr/min,999 CM³,Automatique,7,Traction,1793 mm,1514 mm,467 L,467 L,10.1 s
Skoda Scala1.0 L TSI  Selection DSG,102 980 DT TTC,Compacte,3 ans,5,5,3,Essence,6 CV,116 CH,200 nm 2000 tr/min,999 CM³,Automatique,7,Traction,1793 mm,1514 mm,467 L,467 L,10.1 s
Skoda Scala1.0 L TSI  Monte Carlo DSG,107 980 DT TTC,Compacte,3 ans,5,5,3,Essence,6 CV,116 CH,200 nm 2000 tr/min,999 CM³,Automatique,7,Traction,1793 mm,1514 mm,467 L,467 L,10.1 s
Skoda Kamiq1.0 L TSI  Essence DSG,91 980 DT TTC,SUV,3 ans,5,5,3,Essence,6 CV,116 CH,200 nm 2000 tr/min,999 CM³,Automatique,7,Traction,1793 mm,1562 mm,400 L,400 L,10.2 s
Skoda Kamiq1.0 L TSI  Selection DSG,104 980 DT TTC,SUV,3 ans,5,5,3,Essence,6 CV,116 CH,200 nm 2000 tr/min,999 CM³,Automatique,7,Traction,1793 mm,1562 mm,400 L,400 L,10.2 s
Skoda Kamiq1.0 L TSI  Monte Carlo DSG,109 980 DT TTC,SUV,3 ans,5,5,3,Essence,6 CV,116 CH,200 nm 2000 tr/min,999 CM³,Automatique,7,Traction,1793 mm,1562 mm,400 L,400 L,10.2 s
Skoda Octavia1.4 TSI  Essence BVA,119 980 DT TTC,Berline,3 ans,5,4,4,Essence,8 CV,150 CH,250 nm 1500 tr/min,1395 CM³,Automatique,8,Traction,4698 mm,1829 mm,1470 mm,1470 mm,600 L
Skoda Octavia1.4 TSI  Selection BVA,129 980 DT TTC,Berline,3 ans,5,4,4,Essence,8 CV,150 CH,250 nm 1500 tr/min,1395 CM³,Automatique,8,Traction,4698 mm,1829 mm,1470 mm,1470 mm,600 L
Skoda Octavia RS2.0 TSI   DSG,195 000 DT TTC,Berline,3 ans,5,4,4,Essence,14 CV,245 CH,370 nm 1600 tr/min,1984 CM³,Automatique,7,Traction,4689 mm,1829 mm,1470 mm,1470 mm,600 L
Ssangyong Tivoli1.5 T  iLOVIT BVA,102 575 DT TTC,SUV,3 ans ou 100.000 KM,5,5,4,Essence,8 CV,163 CH,260 nm 1500 tr/min,1497 CM³,Automatique,6,Traction,1810 mm,1615 mm,423 L,423 L,N.C
Ssangyong Korando1.5 L GDI  Limited BVA,124 980 DT TTC,SUV,3 ans,5,5,4,Essence,9 CV,163 CH,280 nm 1500 tr/min,1497 CM³,Automatique,6,Traction,1870 mm,1620 mm,551 L,551 L,12 s
Ssangyong Musso2.2 l Diesel 4WD,136 845 DT TTC,3 ans,Pick up,5,4,4,Diesel,7 CV,181 CH,400 nm 1400 tr/min,2157 CM³,Manuelle,6,Intégrale,5095 mm,1950 mm,1840 mm,1840 mm,790 KG
Ssangyong Musso2.2 l Diesel 4WD CRM,148 176 DT TTC,3 ans,Pick up,5,4,4,Diesel,7 CV,181 CH,400 nm 1400 tr/min,2157 CM³,Manuelle,6,Intégrale,5095 mm,1950 mm,1840 mm,1840 mm,790 KG
Ssangyong Musso2.2 l Diesel 4WD   BVA,158 645 DT TTC,3 ans,Pick up,5,4,4,Diesel,7 CV,181 CH,400 nm 1400 tr/min,2157 CM³,Automatique,6,Intégrale,5095 mm,1950 mm,1840 mm,1840 mm,790 KG
Ssangyong Torres1.5 L T-GDI  4WD  BVA,184 580 DT TTC,SUV,3 ans ou 100.000 KM,5,5,4,Essence,9 CV,163 CH,280 nm 1500 tr/min,1497 CM³,Automatique,6,Intégrale,1890 mm,1710 mm,703 L,703 L,9.4 s
Ssangyong Rexton2.2 L Diesel  5 places BVA,312 300 DT TTC,SUV,3 ans ou 100.000 KM,5,5,4,Diesel,12 CV,202 CH,400 nm 1400 tr/min,2157 CM³,Automatique,8,Intégrale,1960 mm,1825 mm,784 L,784 L,N.C
Suzuki Celerio Populaire1.0 L GL,28 620 DT TTC,Citadine,3 ans,,5,5,3,Essence,4 CV,68 CH,90 nm 3500 tr/min,998 CM³,Manuelle,5,3695 mm,1655 mm,1555 mm,1555 mm,295 L
Suzuki Dzire1.2 L GL,54 900 DT TTC,Berline,3 ans,5,4,4,Essence,5 CV,85 CH,114 nm 4000 tr/min,1197 CM³,Manuelle,5,Traction,1735 mm,1515 mm,378 L,378 L,13.5 s
Suzuki Dzire1.2 L GLX Pack,57 900 DT TTC,Berline,3 ans,5,4,4,Essence,5 CV,85 CH,114 nm 4000 tr/min,1197 CM³,Manuelle,5,Traction,1735 mm,1515 mm,378 L,378 L,13.5 s
Suzuki Ciaz1.5 L GL,62 900 DT TTC,Berline,3 ans,5,4,4,Essence,6 CV,105 CH,138 nm 4400 tr/min,1462 CM³,Manuelle,5,Traction,1730 mm,1485 mm,510 L,510 L,13.5 s
Suzuki Ciaz1.5 L GL   BVA,67 900 DT TTC,Berline,3 ans,5,4,4,Essence,6 CV,105 CH,138 nm 4400 tr/min,1462 CM³,Automatique,Traction,4490 mm,1485 mm,510 L,13.5 s,13.5 s,180 KM/H
Suzuki Ciaz1.5 L GLX,69 900 DT TTC,Berline,3 ans,5,4,4,Essence,6 CV,105 CH,138 nm 4400 tr/min,1462 CM³,Manuelle,5,Traction,1730 mm,1485 mm,510 L,510 L,13.5 s
Suzuki Ciaz1.5  GLX BVA,73 900 DT TTC,Berline,3 ans,5,4,4,Essence,6 CV,105 CH,138 nm 4400 tr/min,1462 CM³,Automatique,Traction,4490 mm,1485 mm,510 L,13.5 s,13.5 s,180 KM/H
Suzuki Baleno1.5 L  GL BVM,66 900 DT TTC,Compacte,3 ans,5,5,4,Essence,6 CV,105 CH,138 nm 4400 tr/min,1462 CM³,Manuelle,5,Traction,1745 mm,1500 mm,318 L,318 L,11.2 s
Suzuki Baleno1.5 L  GLX BVA,76 900 DT TTC,Compacte,3 ans,5,5,4,Essence,6 CV,105 CH,138 nm 4400 tr/min,1462 CM³,Automatique,4,Traction,1745 mm,1500 mm,318 L,318 L,11.2 s
Suzuki Ertiga1.5 L GLX 7 places,78 900 DT TTC,Monospace,3 ans ou 100.000 KM,7,5,4,Essence,6 CV,105 CH,138 nm 4400 tr/min,1462 CM³,Manuelle,5,Traction,1735 mm,1690 mm,209 L,209 L,803 L
Suzuki Ertiga1.5 L  GLX 7 places BVA,83 900 DT TTC,Monospace,3 ans ou 100.000 KM,7,5,4,Essence,6 CV,105 CH,138 nm 4400 tr/min,1462 CM³,Automatique,4,Traction,1735 mm,1690 mm,209 L,209 L,803 L
Suzuki Fronx1.5 L  GL BVM,76 900 DT TTC,SUV,3 ans ou 100.000 KM,5,5,4,Essence,6 CV,105 CH,138 nm 4400 tr/min,1462 CM³,Manuelle,5,Traction,1765 mm,1550 mm,304 L,304 L,1009 L
Suzuki Fronx1.5 L  GLX BVA,91 900 DT TTC,SUV,3 ans ou 100.000 KM,5,5,4,Essence,6 CV,105 CH,138 nm 4400 tr/min,1462 CM³,Automatique,4,Traction,1765 mm,1550 mm,304 L,304 L,1009 L
Suzuki Jimny1.5 L 4x4 GL,99 900 DT TTC,SUV,3 ans,5,3,4,Essence,6 CV,102 CH,130 nm 4000 tr/min,1462 CM³,Manuelle,5,Intégrale,1645 mm,1725 mm,N.C,N.C,145 KM/H
Suzuki Jimny1.5 L 4x4  GL BVA,104 900 DT TTC,SUV,3 ans,5,3,4,Essence,6 CV,102 CH,130 nm 4000 tr/min,1462 CM³,Automatique,4,Intégrale,1645 mm,1725 mm,N.C,N.C,145 KM/H
Suzuki Jimny 5P1.5 L 4x4   GLX BVA,129 900 DT TTC,SUV,3 ans,5,5,4,Essence,6 CV,102 CH,130 nm 4000 tr/min,1462 CM³,Automatique,4,Intégrale,1645 mm,1705 mm,211 L,211 L,N.C
Suzuki Grand Vitara1.5 L  GLX BVA,132 900 DT TTC,SUV,3 ans ou 100.000 KM,5,5,4,Essence | Hybride léger,6 CV,105 CH,137 nm 4400 tr/min,1462 CM³,Automatique,6,Intégrale,1795 mm,1645 mm,328 L,328 L,1147 L
Tata Super Ace Simple Cabine1.4 L Turbo Diesel,39 900 DT TTC,3 ans ou 100.000 KM,Pick up,2,2,4,Diesel,5 CV,71 CH,140 nm 3000 tr/min,1396 CM³,Manuelle,5,Propulsion,1565 mm,1864 mm,940 KG,940 KG,N.C
Tata Xenon X2 Simple Cabine2.2l Turbo,56 900 DT TTC,3 ans,Pick up,2,2,4,Diesel,7 CV,150 CH,320 nm 1500 tr/min,2179 CM³,Manuelle,5,Propulsion,1860 mm,1788 mm,1210 KG,1210 KG,N.C
Tata Xenon X2 Double Cabine 4x22.2 l Turbo,74 900 DT TTC,3 ans,Pick up,5,4,4,Diesel,7 CV,150 CH,320 nm 1500 tr/min,2179 CM³,Manuelle,5,Propulsion,1860 mm,1803 mm,1030 KG,1030 KG,N.C
Tata Xenon X2 Double Cabine 4x42.2 l Turbo,81 900 DT TTC,3 ans,Pick up,5,4,4,Diesel,7 CV,150 CH,320 nm 1500 tr/min,2179 CM³,Manuelle,5,Intégrale,1860 mm,1805 mm,990 KG,990 KG,N.C
Toyota Yaris Hybride1.5 L CVT France,83 800 DT TTC,Citadine,3 ans ou 100.000 KM,5,5,3,Essence | Hybride,4 CV,116 CH,120 nm 3600 tr/min,1490 CM³,Automatique,5,Traction,1745 mm,1470 mm,284 L,284 L,947 L
Toyota Corolla Sedan1.6 L CVT  Active BVA,108 900 DT TTC,Berline,3 ans ou 100.000 KM,5,4,4,Essence,7 CV,124 CH,157 nm 5200 tr/min,1598 CM³,Automatique,6,Traction,1780 mm,1435 mm,9.7 s,9.7 s,200 KM/H
Toyota Yaris Cross Hybride1.5 L CVT,117 900 DT TTC,SUV,3 ans ou 100.000 KM,5,5,3,Essence | Hybride,5 CV,116 CH,120 nm 3600 tr/min,1490 CM³,Automatique,Traction,4180 mm,1595 mm,397 L,1097 L,1097 L,11.2 s
Toyota Yaris Cross Hybride1.5 L CVT Bi-ton,119 900 DT TTC,SUV,3 ans ou 100.000 KM,5,5,3,Essence | Hybride,5 CV,116 CH,120 nm 3600 tr/min,1490 CM³,Automatique,Traction,4180 mm,1595 mm,397 L,1097 L,1097 L,11.2 s
Toyota Corolla Sedan Hybride1.8 L,124 800 DT TTC,Berline,5 ans,5,4,4,Essence | Hybride,5 CV,122 CH,142 nm 5200 tr/min,1798 CM³,Automatique,6,Traction,1780 mm,1435 mm,471 L,471 L,11 s
Toyota RAV 4 Hybride2.5 L,164 800 DT TTC,SUV,5 ans,5,5,4,Essence | Hybride,9 CV,218 CH,221 nm 5200 tr/min,2478 CM³,Automatique,7,Traction,1855 mm,1690 mm,580 L,580 L,8.4 s
Toyota Land Cruiser 764.2 l,224 998 DT TTC,SUV,3 ans,9,4 | 2 portes arrières battantes vitrées,6,Diesel,11 CV,130 CH,285 nm 2200 tr/min,4164 CM³,Manuelle,5,Intégrale,4720 mm,1770 mm,1955 mm,1955 mm,N.C
Toyota Fortuner2.4 L D-4D  7 places BVA,274 800 DT TTC,SUV,3 ans ou 100.000 KM,7,5,4,Diesel,8 CV,150 CH,400 nm 1600 tr/min,2393 CM³,Automatique,6,Intégrale,4795 mm,1855 mm,1835 mm,1835 mm,253 L
Toyota Prado2.8 L TX  Business BVA,342 000 DT TTC,SUV,3 ans ou 100.000 KM,7,5,4,Diesel,11 CV,204 CH,500 nm 1600 tr/min,2755 CM³,Automatique,8,Intégrale,4930 mm,1980 mm,1935 mm,1935 mm,621 L
Toyota Prado2.8 L WX  Adventure BVA,398 000 DT TTC,SUV,3 ans ou 100.000 KM,7,5,4,Diesel,11 CV,204 CH,500 nm 1600 tr/min,2755 CM³,Automatique,8,Intégrale,4930 mm,1980 mm,1935 mm,1935 mm,621 L
Toyota Land Cruiser 3003.5 L V6 Bi-Turbo Essence 4WD VX,530 000 DT TTC,SUV,3 ans ou 100.000 KM,7,5,6,Essence,32 CV,415 CH,650 nm 2000 tr/min,3445 CM³,Automatique,10,Intégrale,4980 mm,1980 mm,1950 mm,1950 mm,175 L
Toyota Land Cruiser 3003.3 L V6 Bi-Turbo Diesel 4WD VX,540 000 DT TTC,SUV,3 ans ou 100.000 KM,7,5,6,Diesel,21 CV,306 CH,700 nm 1600 tr/min,3346 CM³,Automatique,10,Intégrale,4980 mm,1980 mm,1950 mm,1950 mm,175 L
Toyota Land Cruiser 3003.3 L V6 Bi-Turbo Diesel 4WD GR-Sport,568 000 DT TTC,SUV,3 ans ou 100.000 KM,7,5,6,Diesel,21 CV,306 CH,700 nm 1600 tr/min,3346 CM³,Automatique,10,Intégrale,4980 mm,1980 mm,1950 mm,1950 mm,175 L
Toyota Land Cruiser 794.2 l Diesel 4x4 Simple Cabine,144 800 DT TTC,3 ans ou 100.000 KM,Pick up,2,2,6,Diesel,11 CV,130 CH,285 nm 2200 tr/min,4164 CM³,Manuelle,5,Intégrale,1770 mm,1970 mm,N.C,N.C,140 KM/H
Toyota Hilux Simple Cabine2.4 L Diesel D-4D 4x4,123 800 DT TTC,3 ans ou 100.000 KM,Pick up,2,2,4,Diesel,8 CV,150 CH,400 nm 1600 tr/min,2393 CM³,Manuelle,6,Intégrale,5325 mm,1800 mm,1795 mm,1795 mm,1125 KG
Toyota Hilux Double Cabine2.4 L Diesel D-4D 4x4,159 800 DT TTC,3 ans ou 100.000 KM,Pick up,5,4,4,Diesel,8 CV,150 CH,400 nm 1600 tr/min,2393 CM³,Manuelle,6,Intégrale,5330 mm,1800 mm,1815 mm,1815 mm,850 KG
Toyota Hilux Double Cabine2.4 L Diesel D-4D 4x4   BVA,192 900 DT TTC,3 ans ou 100.000 KM,Pick up,5,4,4,Diesel,8 CV,150 CH,400 nm 1600 tr/min,2393 CM³,Automatique,6,Intégrale,5330 mm,1800 mm,1815 mm,1815 mm,850 KG
Toyota Hiace2.5 L Diesel 16 Places,142 000 DT TTC,1 an ou 50000 km,Utilitaire,16,5 | 2 portes latérales coulissantes,4,Diesel,10 CV,102 CH,260 nm 1600 tr/min,2494 CM³,Manuelle,5,Propulsion,1880 mm,2285 mm,24.1 s,24.1 s,145 KM/H
Toyota Coaster4.2 L Diesel 23 places,243 000 DT TTC,1 an ou 50000 km,Utilitaire,23,2 | 1 porte latérale battante,4,Diesel,11 CV,130 CH,284 nm 2200 tr/min,4164 CM³,Manuelle,5,Propulsion,2080 mm,2635 mm,N.C,N.C,100 KM/H
Toyota Hiace Van3.0 L Diesel,79 900 DT TTC,3 ans,Utilitaire,3,3 | 1 porte latérale coulissante,4,Diesel,10 CV,92 CH,197 nm 4000 tr/min,2986 CM³,Manuelle,5,Propulsion,1695 mm,1980 mm,1030 KG,1030 KG,6 m³
Volkswagen Virtus1.0 L TSI Confortline,65 980 DT TTC,2 ans,Berline,5,4,3,Essence,6 CV,116 CH,178 nm 1750 tr/min,999 CM³,Manuelle,6,Traction,1752 mm,1507 mm,521 L,521 L,10.7 s
Volkswagen Virtus1.0 L TSI  Highline BVA,79 980 DT TTC,2 ans,Berline,5,4,3,Essence,7 CV,116 CH,178 nm 1750 tr/min,999 CM³,Automatique,6,Traction,1752 mm,1507 mm,521 L,521 L,10.7 s
Volkswagen Virtus1.0 L TSI  Topline BVA,86 980 DT TTC,Berline,5,4,3,Essence,7 CV,116 CH,178 nm 1750 tr/min,999 CM³,Automatique,6,Traction,4561 mm,1507 mm,521 L,10.8 s,10.8 s,187 KM/H
Volkswagen T-Cross1.0 L Confortline,75 980 DT TTC,2 ans,SUV,5,5,3,Essence,6 CV,116 CH,178 nm 1750 tr/min,999 CM³,Manuelle,6,Traction,1760 mm,1612 mm,385 L,385 L,10.8 s
Volkswagen T-Cross1.0 L  Highline BVA,92 980 DT TTC,SUV,5,5,3,Essence,7 CV,116 CH,178 nm 1750 tr/min,999 CM³,Automatique,6,Traction,4221 mm,1612 mm,385 L,10.8 s,10.8 s,189 KM/H
Volkswagen T-Cross1.0 L  Topline BVA,104 980 DT TTC,2 ans,SUV,5,5,3,Essence,7 CV,116 CH,178 nm 1750 tr/min,999 CM³,Automatique,6,Traction,1760 mm,1612 mm,385 L,385 L,10.8 s
Volkswagen Polo1.0 L TSI Drive,85 480 DT TTC,Citadine,3 ans,5,5,3,Essence,5 CV,95 CH,175 nm 1600 tr/min,999 CM³,Manuelle,5,Traction,1751 mm,1451 mm,351 L,351 L,10.8 s
Volkswagen Polo1.0 L TSI Life,93 480 DT TTC,Citadine,3 ans,5,5,3,Essence,5 CV,95 CH,175 nm 1600 tr/min,999 CM³,Manuelle,5,Traction,1751 mm,1451 mm,351 L,351 L,10.8 s
Volkswagen Tiguan1.4 L TSI Life,154 980 DT TTC,SUV,3 ans,5,5,4,Essence,8 CV,150 CH,250 nm 1500 tr/min,1395 CM³,Automatique,7,Traction,1842 mm,1658 mm,652 L,652 L,1650 L
Volkswagen Tiguan1.4 L TSI Elegance,169 980 DT TTC,SUV,3 ans,5,5,4,Essence,8 CV,150 CH,250 nm 1500 tr/min,1395 CM³,Automatique,7,Traction,1842 mm,1658 mm,652 L,652 L,1650 L
Volkswagen Tiguan1.4 L TSI R-Line,197 980 DT TTC,SUV,3 ans,5,5,4,Essence,8 CV,150 CH,250 nm 1500 tr/min,1395 CM³,Automatique,7,Traction,1842 mm,1658 mm,652 L,652 L,1650 L
Volkswagen Amarok2.0 L TDI 170 ch 4x4  Life BVA,199 980 DT TTC,3 ans,Pick up,5,4,4,Diesel,5 CV,170 CH,405 nm 1750 tr/min,1996 CM³,Automatique,6,Intégrale,5350 mm,1910 mm,1884 mm,1884 mm,11.6 s
Volkswagen Amarok2.0 L TDI 210 ch 4x4  Aventura BVA,239 980 DT TTC,3 ans,Pick up,5,4,4,Diesel,5 CV,210 CH,500 nm 1750 tr/min,1996 CM³,Automatique,10,Intégrale,5350 mm,1910 mm,1884 mm,1884 mm,10.5 s
Volkswagen Caddy Cargo2.0 L TDI Business,75 980 DT TTC,Utilitaire,2,4 | 1 porte latérale coulissante | 2 portes arrières battantes vitrées,4,Diesel,7 CV,110 CH,300 nm 1500 tr/min,1968 CM³,Manuelle,6,Traction,4500 mm,1857 mm,770 KG,3.1 m³,3.1 m³,12.2 s
Volvo EX30Single Motor Core,124 900 DT TTC,SUV,3 ans ou 100.000 KM | Batterie garantie 8 ans,5,5,1,Electrique,5 CV,272 CH,51 kWh,343 nm 0 tr/min,Automatique,Propulsion,4233 mm,1549 mm,325 L,904 L,904 L,7 L
Volvo EX30Single Motor Extended Range Ultra,159 900 DT TTC,SUV,3 ans ou 100.000 KM | Batterie garantie 8 ans,5,5,1,Electrique,5 CV,272 CH,69 kWh,343 nm 0 tr/min,Automatique,Propulsion,4233 mm,1549 mm,325 L,904 L,904 L,7 L
Volvo EX30Twin Motor Ultra,169 900 DT TTC,SUV,3 ans ou 100.000 KM | Batterie garantie 8 ans,5,5,2,Electrique,8 CV,428 CH,69 kWh,543 nm 0 tr/min,Automatique,Intégrale,4233 mm,1549 mm,325 L,904 L,904 L,7 L
Volvo XC402.0 L Plus Dark,192 900 DT TTC,2 ans,SUV,5,5,4,Essence | Hybride léger,9 CV,163 CH,265 nm 1500 tr/min,1969 CM³,Automatique,7,Traction,1863 mm,1652 mm,443 L,443 L,8.6 s
Volvo XC402.0 L Ultimate Dark,214 900 DT TTC,2 ans,SUV,5,5,4,Essence | Hybride léger,9 CV,163 CH,265 nm 1500 tr/min,1969 CM³,Automatique,7,Traction,1863 mm,1652 mm,443 L,443 L,8.6 s
Volvo EC40Twin Ultra Black Edition,229 900 DT TTC,SUV,3 ans ou 100.000 KM | Batterie garantie 8 ans,5,5,2,Electrique,14 CV,408 CH,78 kWh,660 nm 0 tr/min,Automatique,Intégrale,4440 mm,1591 mm,413 L,4.7 s,4.7 s,180 KM/H
Volvo XC602.0 l Plus Dark,299 900 DT TTC,2 ans,SUV,5,5,4,Essence | Hybride léger,15 CV,250 CH,365 nm 1800 tr/min,1969 CM³,Automatique,8,Intégrale,1902 mm,1655 mm,483 L,483 L,6.9 s
Volvo XC602.0 l Recharge Ultimate Bright,354 900 DT TTC,2 ans | Batterie garantie 8 ans ou 160.000 KM,SUV,5,5,4,Essence | Hybride rechargeable,20 CV,462 CH,659 nm 2500 tr/min,1969 CM³,Automatique,8,Intégrale,1902 mm,1655 mm,483 L,483 L,4.9 s
Volvo XC602.0 l Ultra Dark,354 900 DT TTC,2 ans,SUV,5,5,4,Essence | Hybride léger,15 CV,250 CH,365 nm 1800 tr/min,1969 CM³,Automatique,8,Intégrale,1902 mm,1655 mm,483 L,483 L,6.9 s
Volvo S902.0 l Plus Bright,273 900 DT TTC,2 ans,Berline,5,4,4,Essence | Hybride léger,15 CV,250 CH,350 nm 1800 tr/min,1969 CM³,Automatique,8,Traction,1879 mm,1440 mm,461 L,461 L,6.9 s
Volvo S902.0 l Ultimate Bright,289 900 DT TTC,2 ans,Berline,5,4,4,Essence | Hybride léger,15 CV,250 CH,350 nm 1800 tr/min,1969 CM³,Automatique,8,Traction,1879 mm,1440 mm,461 L,461 L,6.9 s
Volvo XC902.0 l Ultimate Bright,375 900 DT TTC,2 ans,SUV,7,5,4,Essence | Hybride léger,15 CV,250 CH,350 nm 1800 tr/min,1969 CM³,Automatique,8,Intégrale,1923 mm,1771 mm,680 L,680 L,6.7 s
Volvo XC902.0 l Recharge Ultimate Bright,449 900 DT TTC,2 ans | Batterie garantie 8 ans ou 160.000 KM,SUV,7,5,4,Essence | Hybride rechargeable,20 CV,462 CH,659 nm 2500 tr/min,1969 CM³,Automatique,8,Intégrale,1923 mm,1767 mm,640 L,640 L,5.4 s
Wallyscar Wolf1.5 Turbo,119 900 DT TTC,SUV,5 ans ou 150000 km,7,5,4,Essence,9 CV,147 CH,230 nm 1750 tr/min,1498 CM³,Automatique,6,Traction,1900 mm,1720 mm,890 L,890 L,NC s
